Date,Genotype,Group,rep,Hour,hours_at_22.2C,GDH_4.4C,GDD_4.4C,chill_portions_since_oct1,chill_factor,total_flower_buds,hours_at_22.2C_field_adjusted,BBCH_50_proportion,BBCH_51_proportion,BBCH_52_proportion,BBCH_53_proportion,BBCH_54_proportion,BBCH_55_proportion,BBCH_56_proportion,BBCH_57_proportion,BBCH_59_proportion,BBCH_50plus_proportion,BBCH_51plus_proportion,BBCH_52plus_proportion,BBCH_53plus_proportion,BBCH_54plus_proportion,BBCH_55plus_proportion,BBCH_56plus_proportion,BBCH_57plus_proportion,BBCH_59plus_proportion
11_18_19,27-02-08,late,R2,10:00,42.5,756.5,31.52,26.6,26.6,39,42.5,1,0,0,0,0,0,0,0,0,1,0,0,0,0,0,0,0,0
11_18_19,27-02-65,early,R2,10:00,42.5,756.5,31.52,26.6,26.6,50,42.5,1,0,0,0,0,0,0,0,0,1,0,0,0,0,0,0,0,0
11_18_19,27-03-46,early,R2,10:00,42.5,756.5,31.52,26.6,26.6,47,42.5,1,0,0,0,0,0,0,0,0,1,0,0,0,0,0,0,0,0
11_18_19,27-03-28,early,R2,10:00,42.5,756.5,31.52,26.6,26.6,46,42.5,1,0,0,0,0,0,0,0,0,1,0,0,0,0,0,0,0,0
11_18_19,27-03-27,early,R2,10:00,42.5,756.5,31.52,26.6,26.6,42,42.5,1,0,0,0,0,0,0,0,0,1,0,0,0,0,0,0,0,0
11_18_19,27-03-25,early,R2,10:00,42.5,756.5,31.52,26.6,26.6,55,42.5,1,0,0,0,0,0,0,0,0,1,0,0,0,0,0,0,0,0
11_18_19,27-03-08,late,R2,10:00,42.5,756.5,31.52,26.6,26.6,82,42.5,1,0,0,0,0,0,0,0,0,1,0,0,0,0,0,0,0,0
11_18_19,27-04-12,late,R2,10:00,42.5,756.5,31.52,26.6,26.6,43,42.5,1,0,0,0,0,0,0,0,0,1,0,0,0,0,0,0,0,0
11_19_19,27-02-08,late,R3,10:00,66.5,1183.7,49.32,26.6,26.6,39,66.5,1,0,0,0,0,0,0,0,0,1,0,0,0,0,0,0,0,0
11_19_19,27-02-65,early,R3,10:00,66.5,1183.7,49.32,26.6,26.6,50,66.5,1,0,0,0,0,0,0,0,0,1,0,0,0,0,0,0,0,0
11_19_19,27-03-46,early,R3,10:00,66.5,1183.7,49.32,26.6,26.6,47,66.5,1,0,0,0,0,0,0,0,0,1,0,0,0,0,0,0,0,0
11_19_19,27-03-28,early,R3,10:00,66.5,1183.7,49.32,26.6,26.6,46,66.5,1,0,0,0,0,0,0,0,0,1,0,0,0,0,0,0,0,0
11_19_19,27-03-27,early,R3,10:00,66.5,1183.7,49.32,26.6,26.6,46,66.5,1,0,0,0,0,0,0,0,0,1,0,0,0,0,0,0,0,0
11_19_19,27-03-25,early,R3,10:00,66.5,1183.7,49.32,26.6,26.6,55,66.5,1,0,0,0,0,0,0,0,0,1,0,0,0,0,0,0,0,0
11_19_19,27-03-08,late,R3,10:00,66.5,1183.7,49.32,26.6,26.6,82,66.5,1,0,0,0,0,0,0,0,0,1,0,0,0,0,0,0,0,0
11_19_19,27-04-12,late,R3,10:00,66.5,1183.7,49.32,26.6,26.6,43,66.5,1,0,0,0,0,0,0,0,0,1,0,0,0,0,0,0,0,0
11_20_19,27-02-08,late,R4,10:00,90.5,1610.9,67.12,26.6,26.6,39,90.5,1,0,0,0,0,0,0,0,0,1,0,0,0,0,0,0,0,0
11_20_19,27-02-65,early,R4,10:00,90.5,1610.9,67.12,26.6,26.6,50,90.5,1,0,0,0,0,0,0,0,0,1,0,0,0,0,0,0,0,0
11_20_19,27-03-46,early,R4,10:00,90.5,1610.9,67.12,26.6,26.6,47,90.5,1,0,0,0,0,0,0,0,0,1,0,0,0,0,0,0,0,0
11_20_19,27-03-28,early,R4,10:00,90.5,1610.9,67.12,26.6,26.6,46,90.5,1,0,0,0,0,0,0,0,0,1,0,0,0,0,0,0,0,0
11_20_19,27-03-27,early,R4,10:00,90.5,1610.9,67.12,26.6,26.6,46,90.5,1,0,0,0,0,0,0,0,0,1,0,0,0,0,0,0,0,0
11_20_19,27-03-25,early,R4,10:00,90.5,1610.9,67.12,26.6,26.6,55,90.5,1,0,0,0,0,0,0,0,0,1,0,0,0,0,0,0,0,0
11_20_19,27-03-08,late,R4,10:00,90.5,1610.9,67.12,26.6,26.6,82,90.5,1,0,0,0,0,0,0,0,0,1,0,0,0,0,0,0,0,0
11_20_19,27-04-12,late,R4,10:00,90.5,1610.9,67.12,26.6,26.6,43,90.5,1,0,0,0,0,0,0,0,0,1,0,0,0,0,0,0,0,0
11_21_19,27-02-08,late,R5,10:00,114.5,2038.1,84.92,26.6,26.6,39,114.5,0.769,0.231,0,0,0,0,0,0,0,1,0.231,0,0,0,0,0,0,0
11_21_19,27-02-65,early,R5,10:00,114.5,2038.1,84.92,26.6,26.6,50,114.5,1,0,0,0,0,0,0,0,0,1,0,0,0,0,0,0,0,0
11_21_19,27-03-46,early,R5,10:00,114.5,2038.1,84.92,26.6,26.6,47,114.5,0.468,0.532,0,0,0,0,0,0,0,1,0.532,0,0,0,0,0,0,0
11_21_19,27-03-28,early,R5,10:00,114.5,2038.1,84.92,26.6,26.6,46,114.5,1,0,0,0,0,0,0,0,0,1,0,0,0,0,0,0,0,0
11_21_19,27-03-27,early,R5,10:00,114.5,2038.1,84.92,26.6,26.6,46,114.5,0.87,0.13,0,0,0,0,0,0,0,1,0.13,0,0,0,0,0,0,0
11_21_19,27-03-25,early,R5,10:00,114.5,2038.1,84.92,26.6,26.6,55,114.5,0.327,0.673,0,0,0,0,0,0,0,1,0.673,0,0,0,0,0,0,0
11_21_19,27-03-08,late,R5,10:00,114.5,2038.1,84.92,26.6,26.6,82,114.5,1,0,0,0,0,0,0,0,0,1,0,0,0,0,0,0,0,0
11_21_19,27-04-12,late,R5,10:00,114.5,2038.1,84.92,26.6,26.6,43,114.5,0.86,0.14,0,0,0,0,0,0,0,1,0.14,0,0,0,0,0,0,0
11_22_19,27-02-08,late,R6,10:00,138.5,2465.3,102.72,26.6,26.6,39,138.5,0.667,0.333,0,0,0,0,0,0,0,1,0.333,0,0,0,0,0,0,0
11_22_19,27-02-65,early,R6,10:00,138.5,2465.3,102.72,26.6,26.6,50,138.5,1,0,0,0,0,0,0,0,0,1,0,0,0,0,0,0,0,0
11_22_19,27-03-46,early,R6,10:00,138.5,2465.3,102.72,26.6,26.6,47,138.5,0.447,0.553,0,0,0,0,0,0,0,1,0.553,0,0,0,0,0,0,0
11_22_19,27-03-28,early,R6,10:00,138.5,2465.3,102.72,26.6,26.6,46,138.5,0.935,0.065,0,0,0,0,0,0,0,1,0.065,0,0,0,0,0,0,0
11_22_19,27-03-27,early,R6,10:00,138.5,2465.3,102.72,26.6,26.6,46,138.5,0.957,0.043,0,0,0,0,0,0,0,1,0.043,0,0,0,0,0,0,0
11_22_19,27-03-25,early,R6,10:00,138.5,2465.3,102.72,26.6,26.6,55,138.5,0.691,0.309,0,0,0,0,0,0,0,1,0.309,0,0,0,0,0,0,0
11_22_19,27-03-08,late,R6,10:00,138.5,2465.3,102.72,26.6,26.6,82,138.5,0.976,0.024,0,0,0,0,0,0,0,1,0.024,0,0,0,0,0,0,0
11_22_19,27-04-12,late,R6,10:00,138.5,2465.3,102.72,26.6,26.6,43,138.5,0.86,0.14,0,0,0,0,0,0,0,1,0.14,0,0,0,0,0,0,0
11_23_19,27-02-08,late,R7,11:00,163.5,2910.3,121.26,26.6,26.6,39,163.5,0.641,0.359,0,0,0,0,0,0,0,1,0.359,0,0,0,0,0,0,0
11_23_19,27-02-65,early,R7,11:00,163.5,2910.3,121.26,26.6,26.6,50,163.5,1,0,0,0,0,0,0,0,0,1,0,0,0,0,0,0,0,0
11_23_19,27-03-46,early,R7,11:00,163.5,2910.3,121.26,26.6,26.6,47,163.5,0.468,0.532,0,0,0,0,0,0,0,1,0.532,0,0,0,0,0,0,0
11_23_19,27-03-28,early,R7,11:00,163.5,2910.3,121.26,26.6,26.6,46,163.5,0.891,0.109,0,0,0,0,0,0,0,1,0.109,0,0,0,0,0,0,0
11_23_19,27-03-27,early,R7,11:00,163.5,2910.3,121.26,26.6,26.6,46,163.5,0.957,0.043,0,0,0,0,0,0,0,1,0.043,0,0,0,0,0,0,0
11_23_19,27-03-25,early,R7,11:00,163.5,2910.3,121.26,26.6,26.6,55,163.5,0.255,0.745,0,0,0,0,0,0,0,1,0.745,0,0,0,0,0,0,0
11_23_19,27-03-08,late,R7,11:00,163.5,2910.3,121.26,26.6,26.6,82,163.5,0.963,0.037,0,0,0,0,0,0,0,1,0.037,0,0,0,0,0,0,0
11_23_19,27-04-12,late,R7,11:00,163.5,2910.3,121.26,26.6,26.6,43,163.5,0.814,0.186,0,0,0,0,0,0,0,1,0.186,0,0,0,0,0,0,0
11_24_19,27-02-08,late,R8,12:00,188.5,3355.3,139.8,26.6,26.6,39,188.5,0.59,0.41,0,0,0,0,0,0,0,1,0.41,0,0,0,0,0,0,0
11_24_19,27-02-65,early,R8,12:00,188.5,3355.3,139.8,26.6,26.6,50,188.5,0.96,0.04,0,0,0,0,0,0,0,1,0.04,0,0,0,0,0,0,0
11_24_19,27-03-46,early,R8,12:00,188.5,3355.3,139.8,26.6,26.6,47,188.5,0.298,0.702,0,0,0,0,0,0,0,1,0.702,0,0,0,0,0,0,0
11_24_19,27-03-28,early,R8,12:00,188.5,3355.3,139.8,26.6,26.6,46,188.5,0.913,0.087,0,0,0,0,0,0,0,1,0.087,0,0,0,0,0,0,0
11_24_19,27-03-27,early,R8,12:00,188.5,3355.3,139.8,26.6,26.6,46,188.5,0.891,0.109,0,0,0,0,0,0,0,1,0.109,0,0,0,0,0,0,0
11_24_19,27-03-25,early,R8,12:00,188.5,3355.3,139.8,26.6,26.6,55,188.5,0.255,0.745,0,0,0,0,0,0,0,1,0.745,0,0,0,0,0,0,0
11_24_19,27-03-08,late,R8,12:00,188.5,3355.3,139.8,26.6,26.6,82,188.5,0.963,0.037,0,0,0,0,0,0,0,1,0.037,0,0,0,0,0,0,0
11_24_19,27-04-12,late,R8,12:00,188.5,3355.3,139.8,26.6,26.6,43,188.5,0.837,0.163,0,0,0,0,0,0,0,1,0.163,0,0,0,0,0,0,0
12_12_19,27-02-08,late,R0,16:00,0,0,0,43.5,43.5,25,0,1,0,0,0,0,0,0,0,0,1,0,0,0,0,0,0,0,0
12_12_19,27-02-65,early,R0,16:00,0,0,0,43.5,43.5,31,0,1,0,0,0,0,0,0,0,0,1,0,0,0,0,0,0,0,0
12_12_19,27-03-46,early,R0,16:00,0,0,0,43.5,43.5,43,0,1,0,0,0,0,0,0,0,0,1,0,0,0,0,0,0,0,0
12_12_19,27-03-28,early,R0,16:00,0,0,0,43.5,43.5,34,0,1,0,0,0,0,0,0,0,0,1,0,0,0,0,0,0,0,0
12_12_19,27-03-27,early,R0,16:00,0,0,0,43.5,43.5,36,0,1,0,0,0,0,0,0,0,0,1,0,0,0,0,0,0,0,0
12_12_19,27-03-25,early,R0,16:00,0,0,0,43.5,43.5,28,0,1,0,0,0,0,0,0,0,0,1,0,0,0,0,0,0,0,0
12_12_19,27-03-08,late,R0,16:00,0,0,0,43.5,43.5,39,0,1,0,0,0,0,0,0,0,0,1,0,0,0,0,0,0,0,0
12_12_19,27-04-12,late,R0,16:00,0,0,0,43.5,43.5,32,0,1,0,0,0,0,0,0,0,0,1,0,0,0,0,0,0,0,0
12_14_19,27-02-08,late,R2,10:30,42.5,756.5,31.52,43.5,43.5,25,42.5,1,0,0,0,0,0,0,0,0,1,0,0,0,0,0,0,0,0
12_14_19,27-02-65,early,R2,10:30,42.5,756.5,31.52,43.5,43.5,31,42.5,1,0,0,0,0,0,0,0,0,1,0,0,0,0,0,0,0,0
12_14_19,27-03-46,early,R2,10:30,42.5,756.5,31.52,43.5,43.5,41,42.5,1,0,0,0,0,0,0,0,0,1,0,0,0,0,0,0,0,0
12_14_19,27-03-28,early,R2,10:30,42.5,756.5,31.52,43.5,43.5,34,42.5,1,0,0,0,0,0,0,0,0,1,0,0,0,0,0,0,0,0
12_14_19,27-03-27,early,R2,10:30,42.5,756.5,31.52,43.5,43.5,36,42.5,1,0,0,0,0,0,0,0,0,1,0,0,0,0,0,0,0,0
12_14_19,27-03-25,early,R2,10:30,42.5,756.5,31.52,43.5,43.5,28,42.5,1,0,0,0,0,0,0,0,0,1,0,0,0,0,0,0,0,0
12_14_19,27-03-08,late,R2,10:30,42.5,756.5,31.52,43.5,43.5,39,42.5,1,0,0,0,0,0,0,0,0,1,0,0,0,0,0,0,0,0
12_14_19,27-04-12,late,R2,10:30,42.5,756.5,31.52,43.5,43.5,32,42.5,1,0,0,0,0,0,0,0,0,1,0,0,0,0,0,0,0,0
12_16_19,27-02-08,late,R4,13:00,94,1673.2,69.72,43.5,43.5,25,94,0.92,0.08,0,0,0,0,0,0,0,1,0.08,0,0,0,0,0,0,0
12_16_19,27-02-65,early,R4,13:00,94,1673.2,69.72,43.5,43.5,31,94,0.968,0.032,0,0,0,0,0,0,0,1,0.032,0,0,0,0,0,0,0
12_16_19,27-03-46,early,R4,13:00,94,1673.2,69.72,43.5,43.5,41,94,0.78,0.22,0,0,0,0,0,0,0,1,0.22,0,0,0,0,0,0,0
12_16_19,27-03-28,early,R4,13:00,94,1673.2,69.72,43.5,43.5,34,94,0.941,0.059,0,0,0,0,0,0,0,1,0.059,0,0,0,0,0,0,0
12_16_19,27-03-27,early,R4,13:00,94,1673.2,69.72,43.5,43.5,36,94,0.917,0.083,0,0,0,0,0,0,0,1,0.083,0,0,0,0,0,0,0
12_16_19,27-03-25,early,R4,13:00,94,1673.2,69.72,43.5,43.5,28,94,0.536,0.393,0,0,0,0,0,0,0,0.929,0.393,0,0,0,0,0,0,0
12_16_19,27-03-08,late,R4,13:00,94,1673.2,69.72,43.5,43.5,39,94,1,0,0,0,0,0,0,0,0,1,0,0,0,0,0,0,0,0
12_16_19,27-04-12,late,R4,13:00,94,1673.2,69.72,43.5,43.5,32,94,1,0,0,0,0,0,0,0,0,1,0,0,0,0,0,0,0,0
12_18_19,27-02-08,late,R6,12:00,141,2509.8,104.58,43.5,43.5,25,141,0.84,0.16,0,0,0,0,0,0,0,1,0.16,0,0,0,0,0,0,0
12_18_19,27-02-65,early,R6,12:00,141,2509.8,104.58,43.5,43.5,31,141,1,0,0,0,0,0,0,0,0,1,0,0,0,0,0,0,0,0
12_18_19,27-03-46,early,R6,12:00,141,2509.8,104.58,43.5,43.5,40,141,0.75,0.25,0,0,0,0,0,0,0,1,0.25,0,0,0,0,0,0,0
12_18_19,27-03-28,early,R6,12:00,141,2509.8,104.58,43.5,43.5,34,141,0.912,0.088,0,0,0,0,0,0,0,1,0.088,0,0,0,0,0,0,0
12_18_19,27-03-27,early,R6,12:00,141,2509.8,104.58,43.5,43.5,36,141,0.861,0.139,0,0,0,0,0,0,0,1,0.139,0,0,0,0,0,0,0
12_18_19,27-03-25,early,R6,12:00,141,2509.8,104.58,43.5,43.5,28,141,0.536,0.607,0,0,0,0,0,0,0,1.143,0.607,0,0,0,0,0,0,0
12_18_19,27-03-08,late,R6,12:00,141,2509.8,104.58,43.5,43.5,39,141,1,0,0,0,0,0,0,0,0,1,0,0,0,0,0,0,0,0
12_18_19,27-04-12,late,R6,12:00,141,2509.8,104.58,43.5,43.5,32,141,0.969,0.031,0,0,0,0,0,0,0,1,0.031,0,0,0,0,0,0,0
12_20_19,27-02-08,late,R8,8:00,185,3293,137.21,43.5,43.5,25,185,0.64,0.2,0.16,0,0,0,0,0,0,1,0.36,0.16,0,0,0,0,0,0
12_20_19,27-02-65,early,R8,8:00,185,3293,137.21,43.5,43.5,31,185,0.968,0.032,0,0,0,0,0,0,0,1,0.032,0,0,0,0,0,0,0
12_20_19,27-03-46,early,R8,8:00,185,3293,137.21,43.5,43.5,38,185,0.684,0.316,0,0,0,0,0,0,0,1,0.316,0,0,0,0,0,0,0
12_20_19,27-03-28,early,R8,8:00,185,3293,137.21,43.5,43.5,34,185,0.794,0.206,0,0,0,0,0,0,0,1,0.206,0,0,0,0,0,0,0
12_20_19,27-03-27,early,R8,8:00,185,3293,137.21,43.5,43.5,36,185,0.861,0.139,0,0,0,0,0,0,0,1,0.139,0,0,0,0,0,0,0
12_20_19,27-03-25,early,R8,8:00,185,3293,137.21,43.5,43.5,28,185,0.107,0.536,0.357,0,0,0,0,0,0,1,0.893,0.357,0,0,0,0,0,0
12_20_19,27-03-08,late,R8,8:00,185,3293,137.21,43.5,43.5,39,185,1,0,0,0,0,0,0,0,0,1,0,0,0,0,0,0,0,0
12_20_19,27-04-12,late,R8,8:00,185,3293,137.21,43.5,43.5,32,185,1,0,0,0,0,0,0,0,0,1,0,0,0,0,0,0,0,0
12_22_19,27-02-08,late,R10,11:30,236.5,4209.7,175.4,43.5,43.5,25,236.5,0.28,0.48,0.2,0.12,0,0,0,0,0,1.08,0.8,0.32,0.12,0,0,0,0,0
12_22_19,27-02-65,early,R10,11:30,236.5,4209.7,175.4,43.5,43.5,31,236.5,0.903,0.097,0,0,0,0,0,0,0,1,0.097,0,0,0,0,0,0,0
12_22_19,27-03-46,early,R10,11:30,236.5,4209.7,175.4,43.5,43.5,36,236.5,0.417,0.556,0.028,0,0,0,0,0,0,1,0.583,0.028,0,0,0,0,0,0
12_22_19,27-03-28,early,R10,11:30,236.5,4209.7,175.4,43.5,43.5,34,236.5,0.353,0.441,0.176,0.029,0,0,0,0,0,1,0.647,0.206,0.029,0,0,0,0,0
12_22_19,27-03-27,early,R10,11:30,236.5,4209.7,175.4,43.5,43.5,36,236.5,0.194,0.667,0.139,0,0,0,0,0,0,1,0.806,0.139,0,0,0,0,0,0
12_22_19,27-03-25,early,R10,11:30,236.5,4209.7,175.4,43.5,43.5,28,236.5,0,0.071,0.429,0.5,0,0,0,0,0,1,1,0.929,0.5,0,0,0,0,0
12_22_19,27-03-08,late,R10,11:30,236.5,4209.7,175.4,43.5,43.5,38,236.5,0.947,0.053,0,0,0,0,0,0,0,1,0.053,0,0,0,0,0,0,0
12_22_19,27-04-12,late,R10,11:30,236.5,4209.7,175.4,43.5,43.5,32,236.5,0.781,0.219,0,0,0,0,0,0,0,1,0.219,0,0,0,0,0,0,0
12_24_19,27-02-08,late,R12,10:00,283,5037.4,209.89,43.5,43.5,25,283,0.16,0.4,0.24,0.2,0,0,0,0,0,1,0.84,0.44,0.2,0,0,0,0,0
12_24_19,27-02-65,early,R12,10:00,283,5037.4,209.89,43.5,43.5,31,283,0.806,0.194,0,0,0,0,0,0,0,1,0.194,0,0,0,0,0,0,0
12_24_19,27-03-46,early,R12,10:00,283,5037.4,209.89,43.5,43.5,36,283,0.361,0.472,0.139,0.028,0,0,0,0,0,1,0.639,0.167,0.028,0,0,0,0,0
12_24_19,27-03-28,early,R12,10:00,283,5037.4,209.89,43.5,43.5,34,283,0.206,0.206,0.324,0.265,0,0,0,0,0,1,0.794,0.588,0.265,0,0,0,0,0
12_24_19,27-03-27,early,R12,10:00,283,5037.4,209.89,43.5,43.5,36,283,0.056,0.444,0.472,0.028,0,0,0,0,0,1,0.944,0.5,0.028,0,0,0,0,0
12_24_19,27-03-25,early,R12,10:00,283,5037.4,209.89,43.5,43.5,28,283,0,0.071,0.036,0.857,0.036,0,0,0,0,1,1,0.929,0.893,0.036,0,0,0,0
12_24_19,27-03-08,late,R12,10:00,283,5037.4,209.89,43.5,43.5,38,283,0.711,0.158,0.079,0,0,0,0,0,0,0.947,0.237,0.079,0,0,0,0,0,0
12_24_19,27-04-12,late,R12,10:00,283,5037.4,209.89,43.5,43.5,32,283,0.563,0.344,0.094,0,0,0,0,0,0,1,0.438,0.094,0,0,0,0,0,0
12_26_19,27-02-08,late,R14,11:00,332,5909.6,246.23,43.5,43.5,25,332,0.04,0.24,0.32,0.32,0,0,0,0,0,0.92,0.88,0.64,0.32,0,0,0,0,0
12_26_19,27-02-65,early,R14,11:00,332,5909.6,246.23,43.5,43.5,31,332,0.419,0.452,0.129,0,0,0,0,0,0,1,0.581,0.129,0,0,0,0,0,0
12_26_19,27-03-46,early,R14,11:00,332,5909.6,246.23,43.5,43.5,36,332,0.333,0.167,0.25,0.25,0,0,0,0,0,1,0.667,0.5,0.25,0,0,0,0,0
12_26_19,27-03-28,early,R14,11:00,332,5909.6,246.23,43.5,43.5,34,332,0.088,0.147,0.294,0.471,0,0,0,0,0,1,0.912,0.765,0.471,0,0,0,0,0
12_26_19,27-03-27,early,R14,11:00,332,5909.6,246.23,43.5,43.5,36,332,0,0.167,0.5,0.333,0,0,0,0,0,1,1,0.833,0.333,0,0,0,0,0
12_26_19,27-03-25,early,R14,11:00,332,5909.6,246.23,43.5,43.5,28,332,0,0.036,0.036,0.679,0.286,0,0,0,0,1.036,1.036,1,0.964,0.286,0,0,0,0
12_26_19,27-03-08,late,R14,11:00,332,5909.6,246.23,43.5,43.5,38,332,0.553,0.158,0.211,0.026,0,0,0,0,0,0.947,0.395,0.237,0.026,0,0,0,0,0
12_26_19,27-04-12,late,R14,11:00,332,5909.6,246.23,43.5,43.5,32,332,0.313,0.281,0.344,0.063,0,0,0,0,0,1,0.688,0.406,0.063,0,0,0,0,0
12_28_19,27-02-08,late,R16,11:00,380,6764,281.83,43.5,43.5,25,380,0.04,0.24,0.2,0.44,0.04,0,0,0,0,0.96,0.92,0.68,0.48,0.04,0,0,0,0
12_28_19,27-02-65,early,R16,11:00,380,6764,281.83,43.5,43.5,31,380,0.323,0.194,0.355,0.129,0,0,0,0,0,1,0.677,0.484,0.129,0,0,0,0,0
12_28_19,27-03-46,early,R16,11:00,380,6764,281.83,43.5,43.5,36,380,0.139,0.333,0.167,0.333,0.028,0,0,0,0,1,0.861,0.528,0.361,0.028,0,0,0,0
12_28_19,27-03-28,early,R16,11:00,380,6764,281.83,43.5,43.5,34,380,0.059,0.088,0.265,0.559,0.029,0,0,0,0,1,0.941,0.853,0.588,0.029,0,0,0,0
12_28_19,27-03-27,early,R16,11:00,380,6764,281.83,43.5,43.5,36,380,0,0.056,0.417,0.5,0.028,0,0,0,0,1,1,0.944,0.528,0.028,0,0,0,0
12_28_19,27-03-25,early,R16,11:00,380,6764,281.83,43.5,43.5,28,380,0,0.036,0.036,0.5,0.321,0.036,0.071,0,0,1,1,0.964,0.929,0.429,0.107,0.071,0,0
12_28_19,27-03-08,late,R16,11:00,380,6764,281.83,43.5,43.5,38,380,0.342,0.263,0.184,0.158,0,0,0,0,0,0.947,0.605,0.342,0.158,0,0,0,0,0
12_28_19,27-04-12,late,R16,11:00,380,6764,281.83,43.5,43.5,32,380,0.031,0.281,0.344,0.313,0,0,0,0,0,0.969,0.938,0.656,0.313,0,0,0,0,0
1_10_2020,27-02-08,late,R0,17:00,0,88.1,3.67,60.6,60.6,60,5.2,0.967,0.033,0,0,0,0,0,0,0,1,0.033,0,0,0,0,0,0,0
1_10_2020,27-02-65,early,R0,17:00,0,88.1,3.67,60.6,60.6,35,5.2,1,0,0,0,0,0,0,0,0,1,0,0,0,0,0,0,0,0
1_10_2020,27-03-46,early,R0,17:00,0,88.1,3.67,60.6,60.6,42,5.2,1,0,0,0,0,0,0,0,0,1,0,0,0,0,0,0,0,0
1_10_2020,27-03-28,early,R0,17:00,0,88.1,3.67,60.6,60.6,33,5.2,1,0,0,0,0,0,0,0,0,1,0,0,0,0,0,0,0,0
1_10_2020,27-03-27,early,R0,17:00,0,88.1,3.67,60.6,60.6,41,5.2,1,0,0,0,0,0,0,0,0,1,0,0,0,0,0,0,0,0
1_10_2020,27-03-25,early,R0,17:00,0,88.1,3.67,60.6,60.6,34,5.2,1,0,0,0,0,0,0,0,0,1,0,0,0,0,0,0,0,0
1_10_2020,27-03-08,late,R0,17:00,0,88.1,3.67,60.6,60.6,44,5.2,1,0,0,0,0,0,0,0,0,1,0,0,0,0,0,0,0,0
1_10_2020,27-04-12,late,R0,17:00,0,88.1,3.67,60.6,60.6,46,5.2,1,0,0,0,0,0,0,0,0,1,0,0,0,0,0,0,0,0
1_12_2020,27-02-08,late,R2,12:00,43,853.5,35.56,60.6,60.6,60,48.2,0.733,0.267,0,0,0,0,0,0,0,1,0.267,0,0,0,0,0,0,0
1_12_2020,27-02-65,early,R2,12:00,43,853.5,35.56,60.6,60.6,35,48.2,1,0,0,0,0,0,0,0,0,1,0,0,0,0,0,0,0,0
1_12_2020,27-03-46,early,R2,12:00,43,853.5,35.56,60.6,60.6,42,48.2,0.976,0.024,0,0,0,0,0,0,0,1,0.024,0,0,0,0,0,0,0
1_12_2020,27-03-28,early,R2,12:00,43,853.5,35.56,60.6,60.6,33,48.2,0.97,0.03,0,0,0,0,0,0,0,1,0.03,0,0,0,0,0,0,0
1_12_2020,27-03-27,early,R2,12:00,43,853.5,35.56,60.6,60.6,41,48.2,0.951,0.049,0,0,0,0,0,0,0,1,0.049,0,0,0,0,0,0,0
1_12_2020,27-03-25,early,R2,12:00,43,853.5,35.56,60.6,60.6,34,48.2,0.971,0.029,0,0,0,0,0,0,0,1,0.029,0,0,0,0,0,0,0
1_12_2020,27-03-08,late,R2,12:00,43,853.5,35.56,60.6,60.6,44,48.2,1,0,0,0,0,0,0,0,0,1,0,0,0,0,0,0,0,0
1_12_2020,27-04-12,late,R2,12:00,43,853.5,35.56,60.6,60.6,46,48.2,1,0,0,0,0,0,0,0,0,1,0,0,0,0,0,0,0,0
1_15_2020,27-02-08,late,R5,10:00,113,2099.5,87.48,60.6,60.6,60,118.2,0.483,0.45,0.05,0,0,0,0,0,0,0.983,0.5,0.05,0,0,0,0,0,0
1_15_2020,27-02-65,early,R5,10:00,113,2099.5,87.48,60.6,60.6,35,118.2,0.229,0.6,0.171,0,0,0,0,0,0,1,0.771,0.171,0,0,0,0,0,0
1_15_2020,27-03-46,early,R5,10:00,113,2099.5,87.48,60.6,60.6,42,118.2,0.833,0.143,0.024,0,0,0,0,0,0,1,0.167,0.024,0,0,0,0,0,0
1_15_2020,27-03-28,early,R5,10:00,113,2099.5,87.48,60.6,60.6,33,118.2,0.182,0.818,0,0,0,0,0,0,0,1,0.818,0,0,0,0,0,0,0
1_15_2020,27-03-27,early,R5,10:00,113,2099.5,87.48,60.6,60.6,41,118.2,0.268,0.732,0,0,0,0,0,0,0,1,0.732,0,0,0,0,0,0,0
1_15_2020,27-03-25,early,R5,10:00,113,2099.5,87.48,60.6,60.6,34,118.2,0.176,0.824,0,0,0,0,0,0,0,1,0.824,0,0,0,0,0,0,0
1_15_2020,27-03-08,late,R5,10:00,113,2099.5,87.48,60.6,60.6,44,118.2,0.886,0.114,0,0,0,0,0,0,0,1,0.114,0,0,0,0,0,0,0
1_15_2020,27-04-12,late,R5,10:00,113,2099.5,87.48,60.6,60.6,46,118.2,1,0,0,0,0,0,0,0,0,1,0,0,0,0,0,0,0,0
1_17_2020,27-02-08,late,R7,13:00,164,3007.3,125.3,60.6,60.6,60,169.2,0.25,0.35,0.3,0.083,0,0,0,0,0,0.983,0.733,0.383,0.083,0,0,0,0,0
1_17_2020,27-02-65,early,R7,13:00,164,3007.3,125.3,60.6,60.6,35,169.2,0.057,0.086,0.571,0.286,0,0,0,0,0,1,0.943,0.857,0.286,0,0,0,0,0
1_17_2020,27-03-46,early,R7,13:00,164,3007.3,125.3,60.6,60.6,38,169.2,0.237,0.579,0.105,0.079,0,0,0,0,0,1,0.763,0.184,0.079,0,0,0,0,0
1_17_2020,27-03-28,early,R7,13:00,164,3007.3,125.3,60.6,60.6,33,169.2,0.061,0.091,0.788,0.061,0,0,0,0,0,1,0.939,0.848,0.061,0,0,0,0,0
1_17_2020,27-03-27,early,R7,13:00,164,3007.3,125.3,60.6,60.6,43,169.2,0,0.372,0.651,0.023,0,0,0,0,0,1.047,1.047,0.674,0.023,0,0,0,0,0
1_17_2020,27-03-25,early,R7,13:00,164,3007.3,125.3,60.6,60.6,34,169.2,0,0.147,0.618,0.235,0,0,0,0,0,1,1,0.853,0.235,0,0,0,0,0
1_17_2020,27-03-08,late,R7,13:00,164,3007.3,125.3,60.6,60.6,43,169.2,0.442,0.419,0.14,0,0,0,0,0,0,1,0.558,0.14,0,0,0,0,0,0
1_17_2020,27-04-12,late,R7,13:00,164,3007.3,125.3,60.6,60.6,46,169.2,0.761,0.239,0,0,0,0,0,0,0,1,0.239,0,0,0,0,0,0,0
1_19_2020,27-02-08,late,R9,13:00,212,3861.7,160.9,60.6,60.6,60,217.2,0.15,0.3,0.35,0.183,0,0,0,0,0,0.983,0.833,0.533,0.183,0,0,0,0,0
1_19_2020,27-02-65,early,R9,13:00,212,3861.7,160.9,60.6,60.6,35,217.2,0.029,0.086,0.4,0.486,0,0,0,0,0,1,0.971,0.886,0.486,0,0,0,0,0
1_19_2020,27-03-46,early,R9,13:00,212,3861.7,160.9,60.6,60.6,38,217.2,0.158,0.211,0.395,0.237,0,0,0,0,0,1,0.842,0.632,0.237,0,0,0,0,0
1_19_2020,27-03-28,early,R9,13:00,212,3861.7,160.9,60.6,60.6,33,217.2,0.03,0.061,0.364,0.545,0,0,0,0,0,1,0.97,0.909,0.545,0,0,0,0,0
1_19_2020,27-03-27,early,R9,13:00,212,3861.7,160.9,60.6,60.6,43,217.2,0,0.047,0.535,0.419,0,0,0,0,0,1,1,0.953,0.419,0,0,0,0,0
1_19_2020,27-03-25,early,R9,13:00,212,3861.7,160.9,60.6,60.6,34,217.2,0,0,0.176,0.824,0,0,0,0,0,1,1,1,0.824,0,0,0,0,0
1_19_2020,27-03-08,late,R9,13:00,212,3861.7,160.9,60.6,60.6,43,217.2,0.372,0.14,0.465,0.023,0,0,0,0,0,1,0.628,0.488,0.023,0,0,0,0,0
1_19_2020,27-04-12,late,R9,13:00,212,3861.7,160.9,60.6,60.6,46,217.2,0.217,0.674,0.109,0,0,0,0,0,0,1,0.783,0.109,0,0,0,0,0,0
1_21_2020,27-02-08,late,R11,11:30,258.5,4689.4,195.39,60.6,60.6,60,263.7,0.067,0.3,0.433,0.183,0.017,0,0,0,0,1,0.933,0.633,0.2,0.017,0,0,0,0
1_21_2020,27-02-65,early,R11,11:30,258.5,4689.4,195.39,60.6,60.6,35,263.7,0,0.029,0.229,0.486,0.257,0,0,0,0,1,1,0.971,0.743,0.257,0,0,0,0
1_21_2020,27-03-46,early,R11,11:30,258.5,4689.4,195.39,60.6,60.6,38,263.7,0.105,0.079,0.316,0.237,0.263,0,0,0,0,1,0.895,0.816,0.5,0.263,0,0,0,0
1_21_2020,27-03-28,early,R11,11:30,258.5,4689.4,195.39,60.6,60.6,33,263.7,0,0.061,0.061,0.848,0.03,0,0,0,0,1,1,0.939,0.879,0.03,0,0,0,0
1_21_2020,27-03-27,early,R11,11:30,258.5,4689.4,195.39,60.6,60.6,43,263.7,0,0,0.163,0.744,0.093,0,0,0,0,1,1,1,0.837,0.093,0,0,0,0
1_21_2020,27-03-25,early,R11,11:30,258.5,4689.4,195.39,60.6,60.6,34,263.7,0,0,0,0.912,0.088,0,0,0,0,1,1,1,1,0.088,0,0,0,0
1_21_2020,27-03-08,late,R11,11:30,258.5,4689.4,195.39,60.6,60.6,43,263.7,0.349,0.047,0.419,0.186,0,0,0,0,0,1,0.651,0.605,0.186,0,0,0,0,0
1_21_2020,27-04-12,late,R11,11:30,258.5,4689.4,195.39,60.6,60.6,46,263.7,0.043,0.348,0.522,0.087,0,0,0,0,0,1,0.957,0.609,0.087,0,0,0,0,0
1_23_2020,27-02-08,late,R13,1:00,308,5570.5,232.1,60.6,60.6,61,313.2,0.115,0.295,0.328,0.246,0.016,0,0,0,0,1,0.885,0.59,0.262,0.016,0,0,0,0
1_23_2020,27-02-65,early,R13,1:00,308,5570.5,232.1,60.6,60.6,35,313.2,0,0,0.2,0.4,0.171,0.229,0,0,0,1,1,1,0.8,0.4,0.229,0,0,0
1_23_2020,27-03-46,early,R13,1:00,308,5570.5,232.1,60.6,60.6,39,313.2,0.077,0.128,0.179,0.231,0.385,0,0,0,0,1,0.923,0.795,0.615,0.385,0,0,0,0
1_23_2020,27-03-28,early,R13,1:00,308,5570.5,232.1,60.6,60.6,33,313.2,0,0,0.091,0.727,0.182,0,0,0,0,1,1,1,0.909,0.182,0,0,0,0
1_23_2020,27-03-27,early,R13,1:00,308,5570.5,232.1,60.6,60.6,44,313.2,0,0,0.023,0.795,0.182,0,0,0,0,1,1,1,0.977,0.182,0,0,0,0
1_23_2020,27-03-25,early,R13,1:00,308,5570.5,232.1,60.6,60.6,34,313.2,0,0,0,0.765,0.235,0,0,0,0,1,1,1,1,0.235,0,0,0,0
1_23_2020,27-03-08,late,R13,1:00,308,5570.5,232.1,60.6,60.6,43,313.2,0.302,0.07,0.279,0.349,0,0,0,0,0,1,0.698,0.628,0.349,0,0,0,0,0
1_23_2020,27-04-12,late,R13,1:00,308,5570.5,232.1,60.6,60.6,44,313.2,0.023,0.068,0.273,0.636,0,0,0,0,0,1,0.977,0.909,0.636,0,0,0,0,0
1_25_2020,27-02-08,late,R15,11:30,354.5,6398.2,266.59,60.6,60.6,61,359.7,0.131,0.246,0.328,0.148,0.148,0,0,0,0,1,0.869,0.623,0.295,0.148,0,0,0,0
1_25_2020,27-02-65,early,R15,11:30,354.5,6398.2,266.59,60.6,60.6,35,359.7,0,0,0.171,0.286,0.2,0.086,0.143,0.114,0,1,1,1,0.829,0.543,0.343,0.257,0.114,0
1_25_2020,27-03-46,early,R15,11:30,354.5,6398.2,266.59,60.6,60.6,39,359.7,0.051,0.103,0.077,0.308,0.41,0.026,0.026,0,0,1,0.949,0.846,0.769,0.462,0.051,0.026,0,0
1_25_2020,27-03-28,early,R15,11:30,354.5,6398.2,266.59,60.6,60.6,44,359.7,0,0,0.023,0.409,0.568,0,0,0,0,1,1,1,0.977,0.568,0,0,0,0
1_25_2020,27-03-27,early,R15,11:30,354.5,6398.2,266.59,60.6,60.6,33,359.7,0,0,0,0.576,0.303,0.121,0,0,0,1,1,1,1,0.424,0.121,0,0,0
1_25_2020,27-03-25,early,R15,11:30,354.5,6398.2,266.59,60.6,60.6,34,359.7,0,0,0,0.529,0.471,0,0,0,0,1,1,1,1,0.471,0,0,0,0
1_25_2020,27-03-08,late,R15,11:30,354.5,6398.2,266.59,60.6,60.6,43,359.7,0.279,0.047,0.163,0.372,0.14,0,0,0,0,1,0.721,0.674,0.512,0.14,0,0,0,0
1_25_2020,27-04-12,late,R15,11:30,354.5,6398.2,266.59,60.6,60.6,45,359.7,0,0.044,0.111,0.622,0.222,0,0,0,0,1,1,0.956,0.844,0.222,0,0,0,0
1_28_2020,27-02-08,late,R0,18:00,0,126.5,5.270833333,64.8,64.8,43,7.1,0.977,0.023,0,0,0,0,0,0,0,1,0.023,0,0,0,0,0,0,0
1_28_2020,27-02-65,early,R0,18:00,0,126.5,5.270833333,64.8,64.8,49,7.1,1,0,0,0,0,0,0,0,0,1,0,0,0,0,0,0,0,0
1_28_2020,27-03-08,late,R0,18:00,0,126.5,5.270833333,64.8,64.8,36,7.1,1,0,0,0,0,0,0,0,0,1,0,0,0,0,0,0,0,0
1_28_2020,27-03-28,early,R0,18:00,0,126.5,5.270833333,64.8,64.8,40,7.1,1,0,0,0,0,0,0,0,0,1,0,0,0,0,0,0,0,0
1_28_2020,27-03-27,early,R0,18:00,0,126.5,5.270833333,64.8,64.8,53,7.1,1,0,0,0,0,0,0,0,0,1,0,0,0,0,0,0,0,0
1_28_2020,27-03-25,early,R0,18:00,0,126.5,5.270833333,64.8,64.8,45,7.1,0.867,0.133,0,0,0,0,0,0,0,1,0.133,0,0,0,0,0,0,0
1_28_2020,27-03-46,early,R0,18:00,0,126.5,5.270833333,64.8,64.8,67,7.1,1,0,0,0,0,0,0,0,0,1,0,0,0,0,0,0,0,0
1_28_2020,27-04-12,late,R0,18:00,0,126.5,5.270833333,64.8,64.8,49,7.1,1,0,0,0,0,0,0,0,0,1,0,0,0,0,0,0,0,0
1_30_2020,27-02-08,late,R2,12:00,42,874.1,36.42083333,64.8,64.8,43,49.1,0.767,0.233,0,0,0,0,0,0,0,1,0.233,0,0,0,0,0,0,0
1_30_2020,27-02-65,early,R2,12:00,42,874.1,36.42083333,64.8,64.8,48,49.1,0.333,0.667,0,0,0,0,0,0,0,1,0.667,0,0,0,0,0,0,0
1_30_2020,27-03-08,late,R2,12:00,42,874.1,36.42083333,64.8,64.8,36,49.1,1,0,0,0,0,0,0,0,0,1,0,0,0,0,0,0,0,0
1_30_2020,27-03-28,early,R2,12:00,42,874.1,36.42083333,64.8,64.8,40,49.1,0.65,0.35,0,0,0,0,0,0,0,1,0.35,0,0,0,0,0,0,0
1_30_2020,27-03-27,early,R2,12:00,42,874.1,36.42083333,64.8,64.8,53,49.1,0.981,0.019,0,0,0,0,0,0,0,1,0.019,0,0,0,0,0,0,0
1_30_2020,27-03-25,early,R2,12:00,42,874.1,36.42083333,64.8,64.8,45,49.1,0.311,0.578,0.111,0,0,0,0,0,0,1,0.689,0.111,0,0,0,0,0,0
1_30_2020,27-03-46,early,R2,12:00,42,874.1,36.42083333,64.8,64.8,66,49.1,0.848,0.152,0,0,0,0,0,0,0,1,0.152,0,0,0,0,0,0,0
1_30_2020,27-04-12,late,R2,12:00,42,874.1,36.42083333,64.8,64.8,49,49.1,1,0,0,0,0,0,0,0,0,1,0,0,0,0,0,0,0,0
2_1_2020,27-02-08,late,R4,12:30,90.5,1737.4,72.39166667,64.8,64.8,42,97.6,0.143,0.738,0.119,0,0,0,0,0,0,1,0.857,0.119,0,0,0,0,0,0
2_1_2020,27-02-65,early,R4,12:30,90.5,1737.4,72.39166667,64.8,64.8,48,97.6,0.021,0.229,0.75,0,0,0,0,0,0,1,0.979,0.75,0,0,0,0,0,0
2_1_2020,27-03-08,late,R4,12:30,90.5,1737.4,72.39166667,64.8,64.8,36,97.6,0.417,0.5,0.083,0,0,0,0,0,0,1,0.583,0.083,0,0,0,0,0,0
2_1_2020,27-03-28,early,R4,12:30,90.5,1737.4,72.39166667,64.8,64.8,40,97.6,0.15,0.5,0.35,0,0,0,0,0,0,1,0.85,0.35,0,0,0,0,0,0
2_1_2020,27-03-27,early,R4,12:30,90.5,1737.4,72.39166667,64.8,64.8,53,97.6,0,0.981,0.019,0,0,0,0,0,0,1,1,0.019,0,0,0,0,0,0
2_1_2020,27-03-25,early,R4,12:30,90.5,1737.4,72.39166667,64.8,64.8,45,97.6,0,0.267,0.422,0.311,0,0,0,0,0,1,1,0.733,0.311,0,0,0,0,0
2_1_2020,27-03-46,early,R4,12:30,90.5,1737.4,72.39166667,64.8,64.8,66,97.6,0.409,0.394,0.197,0,0,0,0,0,0,1,0.591,0.197,0,0,0,0,0,0
2_1_2020,27-04-12,late,R4,12:30,90.5,1737.4,72.39166667,64.8,64.8,49,97.6,1,0,0,0,0,0,0,0,0,1,0,0,0,0,0,0,0,0
2_3_2020,27-02-08,late,R6,1:00,139,2600.7,108.3625,64.8,64.8,42,146.1,0.024,0.095,0.762,0.119,0,0,0,0,0,1,0.976,0.881,0.119,0,0,0,0,0
2_3_2020,27-02-65,early,R6,1:00,139,2600.7,108.3625,64.8,64.8,48,146.1,0,0,0.604,0.396,0,0,0,0,0,1,1,1,0.396,0,0,0,0,0
2_3_2020,27-03-08,late,R6,1:00,139,2600.7,108.3625,64.8,64.8,37,146.1,0.108,0.27,0.622,0,0,0,0,0,0,1,0.892,0.622,0,0,0,0,0,0
2_3_2020,27-03-28,early,R6,1:00,139,2600.7,108.3625,64.8,64.8,40,146.1,0,0.2,0.6,0.2,0,0,0,0,0,1,1,0.8,0.2,0,0,0,0,0
2_3_2020,27-03-27,early,R6,1:00,139,2600.7,108.3625,64.8,64.8,53,146.1,0,0.038,0.943,0.019,0,0,0,0,0,1,1,0.962,0.019,0,0,0,0,0
2_3_2020,27-03-25,early,R6,1:00,139,2600.7,108.3625,64.8,64.8,45,146.1,0.022,0,0.111,0.867,0,0,0,0,0,1,0.978,0.978,0.867,0,0,0,0,0
2_3_2020,27-03-46,early,R6,1:00,139,2600.7,108.3625,64.8,64.8,66,146.1,0.076,0.288,0.47,0.167,0,0,0,0,0,1,0.924,0.636,0.167,0,0,0,0,0
2_3_2020,27-04-12,late,R6,1:00,139,2600.7,108.3625,64.8,64.8,49,146.1,0.816,0.184,0,0,0,0,0,0,0,1,0.184,0,0,0,0,0,0,0
2_5_2020,27-02-08,late,R8,10:00,184,3401.7,141.7375,64.8,64.8,42,191.1,0,0.048,0.429,0.524,0,0,0,0,0,1,1,0.952,0.524,0,0,0,0,0
2_5_2020,27-02-65,early,R8,10:00,184,3401.7,141.7375,64.8,64.8,47,191.1,0,0,0.043,0.957,0,0,0,0,0,1,1,1,0.957,0,0,0,0,0
2_5_2020,27-03-08,late,R8,10:00,184,3401.7,141.7375,64.8,64.8,37,191.1,0.081,0.081,0.459,0.378,0,0,0,0,0,1,0.919,0.838,0.378,0,0,0,0,0
2_5_2020,27-03-28,early,R8,10:00,184,3401.7,141.7375,64.8,64.8,40,191.1,0,0,0.275,0.725,0,0,0,0,0,1,1,1,0.725,0,0,0,0,0
2_5_2020,27-03-27,early,R8,10:00,184,3401.7,141.7375,64.8,64.8,53,191.1,0,0,0.321,0.679,0,0,0,0,0,1,1,1,0.679,0,0,0,0,0
2_5_2020,27-03-25,early,R8,10:00,184,3401.7,141.7375,64.8,64.8,45,191.1,0.022,0,0.067,0.778,0.133,0,0,0,0,1,0.978,0.978,0.911,0.133,0,0,0,0
2_5_2020,27-03-46,early,R8,10:00,184,3401.7,141.7375,64.8,64.8,66,191.1,0.045,0.091,0.303,0.545,0.015,0,0,0,0,1,0.955,0.864,0.561,0.015,0,0,0,0
2_5_2020,27-04-12,late,R8,10:00,184,3401.7,141.7375,64.8,64.8,49,191.1,0.02,0.633,0.347,0,0,0,0,0,0,1,0.98,0.347,0,0,0,0,0,0
2_7_2020,27-02-08,late,R10,16:30,238.5,4371.8,182.1583333,64.8,64.8,41,245.6,0,0.049,0.171,0.756,0.024,0,0,0,0,1,1,0.951,0.78,0.024,0,0,0,0
2_7_2020,27-02-65,early,R10,16:30,238.5,4371.8,182.1583333,64.8,64.8,47,245.6,0,0,0,0.702,0.298,0,0,0,0,1,1,1,1,0.298,0,0,0,0
2_7_2020,27-03-08,late,R10,16:30,238.5,4371.8,182.1583333,64.8,64.8,37,245.6,0,0.108,0.081,0.811,0,0,0,0,0,1,1,0.892,0.811,0,0,0,0,0
2_7_2020,27-03-28,early,R10,16:30,238.5,4371.8,182.1583333,64.8,64.8,40,245.6,0,0,0.075,0.9,0.025,0,0,0,0,1,1,1,0.925,0.025,0,0,0,0
2_7_2020,27-03-27,early,R10,16:30,238.5,4371.8,182.1583333,64.8,64.8,53,245.6,0,0,0.019,0.906,0.075,0,0,0,0,1,1,1,0.981,0.075,0,0,0,0
2_7_2020,27-03-25,early,R10,16:30,238.5,4371.8,182.1583333,64.8,64.8,45,245.6,0.022,0,0.067,0.533,0.378,0,0,0,0,1,0.978,0.978,0.911,0.378,0,0,0,0
2_7_2020,27-03-46,early,R10,16:30,238.5,4371.8,182.1583333,64.8,64.8,66,245.6,0.03,0,0.273,0.561,0.167,0,0,0,0,1.03,1,1,0.727,0.167,0,0,0,0
2_7_2020,27-04-12,late,R10,16:30,238.5,4371.8,182.1583333,64.8,64.8,49,245.6,0,0,0.347,0.653,0,0,0,0,0,1,1,1,0.653,0,0,0,0,0
2_9_2020,27-02-08,late,R12,11:00,281,5128.3,213.6791667,64.8,64.8,41,288.1,0,0.024,0.146,0.756,0.073,0,0,0,0,1,1,0.976,0.829,0.073,0,0,0,0
2_9_2020,27-02-65,early,R12,11:00,281,5128.3,213.6791667,64.8,64.8,47,288.1,0,0,0,0.447,0.489,0.043,0.021,0,0,1,1,1,1,0.553,0.064,0.021,0,0
2_9_2020,27-03-08,late,R12,11:00,281,5128.3,213.6791667,64.8,64.8,37,288.1,0,0.027,0.108,0.838,0.027,0,0,0,0,1,1,0.973,0.865,0.027,0,0,0,0
2_9_2020,27-03-28,early,R12,11:00,281,5128.3,213.6791667,64.8,64.8,40,288.1,0,0,0.05,0.55,0.4,0,0,0,0,1,1,1,0.95,0.4,0,0,0,0
2_9_2020,27-03-27,early,R12,11:00,281,5128.3,213.6791667,64.8,64.8,53,288.1,0,0,0.019,0.755,0.226,0,0,0,0,1,1,1,0.981,0.226,0,0,0,0
2_9_2020,27-03-25,early,R12,11:00,281,5128.3,213.6791667,64.8,64.8,45,288.1,0.022,0,0.044,0.311,0.489,0.111,0,0,0,0.978,0.956,0.956,0.911,0.6,0.111,0,0,0
2_9_2020,27-03-46,early,R12,11:00,281,5128.3,213.6791667,64.8,64.8,60,288.1,0.017,0.017,0.1,0.35,0.517,0,0,0,0,1,0.983,0.967,0.867,0.517,0,0,0,0
2_9_2020,27-04-12,late,R12,11:00,281,5128.3,213.6791667,64.8,64.8,49,288.1,0,0,0.061,0.918,0.02,0,0,0,0,1,1,1,0.939,0.02,0,0,0,0
2_11_2020,27-02-08,late,R14,13:00,331,6018.3,250.7625,64.8,64.8,41,338.1,0,0.024,0.122,0.707,0.146,0,0,0,0,1,1,0.976,0.854,0.146,0,0,0,0
2_11_2020,27-02-65,early,R14,13:00,331,6018.3,250.7625,64.8,64.8,46,338.1,0,0,0,0.413,0.283,0.261,0,0.022,0.022,1,1,1,1,0.587,0.304,0.043,0.043,0.022
2_11_2020,27-03-08,late,R14,13:00,331,6018.3,250.7625,64.8,64.8,37,338.1,0,0,0.081,0.595,0.324,0,0,0,0,1,1,1,0.919,0.324,0,0,0,0
2_11_2020,27-03-28,early,R14,13:00,331,6018.3,250.7625,64.8,64.8,40,338.1,0,0,0.05,0.4,0.275,0.2,0,0,0.075,1,1,1,0.95,0.55,0.275,0.075,0.075,0.075
2_11_2020,27-03-27,early,R14,13:00,331,6018.3,250.7625,64.8,64.8,52,338.1,0,0,0.019,0.385,0.596,0,0,0,0,1,1,1,0.981,0.596,0,0,0,0
2_11_2020,27-03-25,early,R14,13:00,331,6018.3,250.7625,64.8,64.8,45,338.1,0,0,0.067,0.2,0.311,0.222,0.022,0,0.156,0.978,0.978,0.978,0.911,0.711,0.4,0.178,0.156,0.156
2_11_2020,27-04-12,late,R14,13:00,331,6018.3,250.7625,64.8,64.8,49,338.1,0,0,0.02,0.673,0.306,0,0,0,0,1,1,1,0.98,0.306,0,0,0,0
2_6_2020,27-02-08,late,R0,20:00,0,155.9,6.495833333,69.3,69.3,40,8.8,0.9,0.1,0,0,0,0,0,0,0,1,0.1,0,0,0,0,0,0,0
2_6_2020,27-02-65,early,R0,20:00,0,155.9,6.495833333,69.3,69.3,34,8.8,1,0,0,0,0,0,0,0,0,1,0,0,0,0,0,0,0,0
2_6_2020,27-03-08,late,R0,20:00,0,155.9,6.495833333,69.3,69.3,63,8.8,1,0,0,0,0,0,0,0,0,1,0,0,0,0,0,0,0,0
2_6_2020,27-03-28,early,R0,20:00,0,155.9,6.495833333,69.3,69.3,32,8.8,1,0,0,0,0,0,0,0,0,1,0,0,0,0,0,0,0,0
2_6_2020,27-03-27,early,R0,20:00,0,155.9,6.495833333,69.3,69.3,41,8.8,1,0,0,0,0,0,0,0,0,1,0,0,0,0,0,0,0,0
2_6_2020,27-03-25,early,R0,20:00,0,155.9,6.495833333,69.3,69.3,28,8.8,1,0,0,0,0,0,0,0,0,1,0,0,0,0,0,0,0,0
2_6_2020,27-03-46,early,R0,20:00,0,155.9,6.495833333,69.3,69.3,47,8.8,1,0,0,0,0,0,0,0,0,1,0,0,0,0,0,0,0,0
2_6_2020,27-04-12,late,R0,20:00,0,155.9,6.495833333,69.3,69.3,34,8.8,1,0,0,0,0,0,0,0,0,1,0,0,0,0,0,0,0,0
2_8_2020,27-02-08,late,R2,10:00,38,832.3,34.67916667,69.3,69.3,40,46.8,0.525,0.475,0,0,0,0,0,0,0,1,0.475,0,0,0,0,0,0,0
2_8_2020,27-02-65,early,R2,10:00,38,832.3,34.67916667,69.3,69.3,34,46.8,0.088,0.912,0,0,0,0,0,0,0,1,0.912,0,0,0,0,0,0,0
2_8_2020,27-03-08,late,R2,10:00,38,832.3,34.67916667,69.3,69.3,63,46.8,0.937,0.063,0,0,0,0,0,0,0,1,0.063,0,0,0,0,0,0,0
2_8_2020,27-03-28,early,R2,10:00,38,832.3,34.67916667,69.3,69.3,32,46.8,0.094,0.906,0,0,0,0,0,0,0,1,0.906,0,0,0,0,0,0,0
2_8_2020,27-03-27,early,R2,10:00,38,832.3,34.67916667,69.3,69.3,41,46.8,0.366,0.634,0,0,0,0,0,0,0,1,0.634,0,0,0,0,0,0,0
2_8_2020,27-03-25,early,R2,10:00,38,832.3,34.67916667,69.3,69.3,29,46.8,0.172,0.793,0.034,0,0,0,0,0,0,1,0.828,0.034,0,0,0,0,0,0
2_8_2020,27-03-46,early,R2,10:00,38,832.3,34.67916667,69.3,69.3,49,46.8,0.612,0.388,0,0,0,0,0,0,0,1,0.388,0,0,0,0,0,0,0
2_8_2020,27-04-12,late,R2,10:00,38,832.3,34.67916667,69.3,69.3,34,46.8,0.971,0.029,0,0,0,0,0,0,0,1,0.029,0,0,0,0,0,0,0
2_10_2020,27-02-08,late,R4,9:00,85,1668.9,69.5375,69.3,69.3,40,93.8,0.05,0.425,0.45,0.075,0,0,0,0,0,1,0.95,0.525,0.075,0,0,0,0,0
2_10_2020,27-02-65,early,R4,9:00,85,1668.9,69.5375,69.3,69.3,34,93.8,0,0,1,0,0,0,0,0,0,1,1,1,0,0,0,0,0,0
2_10_2020,27-03-08,late,R4,9:00,85,1668.9,69.5375,69.3,69.3,63,93.8,0.159,0.54,0.302,0,0,0,0,0,0,1,0.841,0.302,0,0,0,0,0,0
2_10_2020,27-03-28,early,R4,9:00,85,1668.9,69.5375,69.3,69.3,32,93.8,0,0.031,0.969,0.031,0,0,0,0,0,1.031,1.031,1,0.031,0,0,0,0,0
2_10_2020,27-03-27,early,R4,9:00,85,1668.9,69.5375,69.3,69.3,41,93.8,0.024,0.22,0.732,0.024,0,0,0,0,0,1,0.976,0.756,0.024,0,0,0,0,0
2_10_2020,27-03-25,early,R4,9:00,85,1668.9,69.5375,69.3,69.3,29,93.8,0,0.103,0.621,0.276,0,0,0,0,0,1,1,0.897,0.276,0,0,0,0,0
2_10_2020,27-03-46,early,R4,9:00,85,1668.9,69.5375,69.3,69.3,49,93.8,0.122,0.408,0.408,0.061,0,0,0,0,0,1,0.878,0.469,0.061,0,0,0,0,0
2_10_2020,27-04-12,late,R4,9:00,85,1668.9,69.5375,69.3,69.3,34,93.8,0.971,0.029,0,0,0,0,0,0,0,1,0.029,0,0,0,0,0,0,0
2_12_2020,27-02-08,late,R6,14:30,138.5,2621.2,109.2166667,69.3,69.3,40,147.3,0,0.025,0.45,0.525,0,0,0,0,0,1,1,0.975,0.525,0,0,0,0,0
2_12_2020,27-02-65,early,R6,14:30,138.5,2621.2,109.2166667,69.3,69.3,34,147.3,0,0,0.206,0.794,0,0,0,0,0,1,1,1,0.794,0,0,0,0,0
2_12_2020,27-03-08,late,R6,14:30,138.5,2621.2,109.2166667,69.3,69.3,63,147.3,0.111,0.079,0.698,0.111,0,0,0,0,0,1,0.889,0.81,0.111,0,0,0,0,0
2_12_2020,27-03-28,early,R6,14:30,138.5,2621.2,109.2166667,69.3,69.3,33,147.3,0,0,0.242,0.758,0,0,0,0,0,1,1,1,0.758,0,0,0,0,0
2_12_2020,27-03-27,early,R6,14:30,138.5,2621.2,109.2166667,69.3,69.3,41,147.3,0,0,0.268,0.732,0,0,0,0,0,1,1,1,0.732,0,0,0,0,0
2_12_2020,27-03-25,early,R6,14:30,138.5,2621.2,109.2166667,69.3,69.3,28,147.3,0,0,0.071,0.929,0,0,0,0,0,1,1,1,0.929,0,0,0,0,0
2_12_2020,27-03-46,early,R6,14:30,138.5,2621.2,109.2166667,69.3,69.3,49,147.3,0,0.061,0.286,0.653,0,0,0,0,0,1,1,0.939,0.653,0,0,0,0,0
2_12_2020,27-04-12,late,R6,14:30,138.5,2621.2,109.2166667,69.3,69.3,34,147.3,0.529,0.382,0.088,0,0,0,0,0,0,1,0.471,0.088,0,0,0,0,0,0
2_14_2020,27-02-08,late,R8,9:30,181.5,3386.6,141.1083333,69.3,69.3,40,190.3,0,0,0.15,0.85,0,0,0,0,0,1,1,1,0.85,0,0,0,0,0
2_14_2020,27-02-65,early,R8,9:30,181.5,3386.6,141.1083333,69.3,69.3,34,190.3,0,0,0,0.971,0.029,0,0,0,0,1,1,1,1,0.029,0,0,0,0
2_14_2020,27-03-08,late,R8,9:30,181.5,3386.6,141.1083333,69.3,69.3,63,190.3,0.111,0,0.238,0.651,0,0,0,0,0,1,0.889,0.889,0.651,0,0,0,0,0
2_14_2020,27-03-28,early,R8,9:30,181.5,3386.6,141.1083333,69.3,69.3,33,190.3,0,0,0,1,0,0,0,0,0,1,1,1,1,0,0,0,0,0
2_14_2020,27-03-27,early,R8,9:30,181.5,3386.6,141.1083333,69.3,69.3,41,190.3,0,0,0.024,0.951,0.024,0,0,0,0,1,1,1,0.976,0.024,0,0,0,0
2_14_2020,27-03-25,early,R8,9:30,181.5,3386.6,141.1083333,69.3,69.3,28,190.3,0,0,0,1,0,0,0,0,0,1,1,1,1,0,0,0,0,0
2_14_2020,27-03-46,early,R8,9:30,181.5,3386.6,141.1083333,69.3,69.3,49,190.3,0,0.02,0.061,0.755,0.163,0,0,0,0,1,1,0.98,0.918,0.163,0,0,0,0
2_14_2020,27-04-12,late,R8,9:30,181.5,3386.6,141.1083333,69.3,69.3,34,190.3,0.059,0.235,0.588,0.118,0,0,0,0,0,1,0.941,0.706,0.118,0,0,0,0,0
2_16_2020,27-02-08,late,R10,10:30,230.5,4258.8,177.45,69.3,69.3,40,239.3,0,0,0.075,0.9,0.025,0,0,0,0,1,1,1,0.925,0.025,0,0,0,0
2_16_2020,27-02-65,early,R10,10:30,230.5,4258.8,177.45,69.3,69.3,34,239.3,0,0,0,0.294,0.588,0.118,0,0,0,1,1,1,1,0.706,0.118,0,0,0
2_16_2020,27-03-08,late,R10,10:30,230.5,4258.8,177.45,69.3,69.3,63,239.3,0.063,0.032,0.095,0.794,0,0,0,0,0,0.984,0.921,0.889,0.794,0,0,0,0,0
2_16_2020,27-03-28,early,R10,10:30,230.5,4258.8,177.45,69.3,69.3,33,239.3,0,0,0,0.818,0.182,0,0,0,0,1,1,1,1,0.182,0,0,0,0
2_16_2020,27-03-27,early,R10,10:30,230.5,4258.8,177.45,69.3,69.3,41,239.3,0,0,0,0.805,0.195,0,0,0,0,1,1,1,1,0.195,0,0,0,0
2_16_2020,27-03-25,early,R10,10:30,230.5,4258.8,177.45,69.3,69.3,28,239.3,0,0,0,0.464,0.536,0,0,0,0,1,1,1,1,0.536,0,0,0,0
2_16_2020,27-03-46,early,R10,10:30,230.5,4258.8,177.45,69.3,69.3,47,239.3,0,0.021,0,0.553,0.426,0,0,0,0,1,1,0.979,0.979,0.426,0,0,0,0
2_16_2020,27-04-12,late,R10,10:30,230.5,4258.8,177.45,69.3,69.3,34,239.3,0.059,0.059,0.294,0.588,0,0,0,0,0,1,0.941,0.882,0.588,0,0,0,0,0
2_18_2020,27-02-08,late,R12,11:00,279,5122.1,213.4208333,69.3,69.3,40,287.8,0,0,0.075,0.875,0.05,0,0,0,0,1,1,1,0.925,0.05,0,0,0,0
2_18_2020,27-02-65,early,R12,11:00,279,5122.1,213.4208333,69.3,69.3,34,287.8,0,0,0,0.382,0.265,0.206,0.088,0.059,0,1,1,1,1,0.618,0.353,0.147,0.059,0
2_18_2020,27-03-08,late,R12,11:00,279,5122.1,213.4208333,69.3,69.3,62,287.8,0.065,0.048,0.048,0.742,0.097,0,0,0,0,1,0.935,0.887,0.839,0.097,0,0,0,0
2_18_2020,27-03-28,early,R12,11:00,279,5122.1,213.4208333,69.3,69.3,32,287.8,0,0,0.031,0.281,0.594,0.094,0,0,0,1,1,1,0.969,0.688,0.094,0,0,0
2_18_2020,27-03-27,early,R12,11:00,279,5122.1,213.4208333,69.3,69.3,41,287.8,0,0,0,0.268,0.732,0,0,0,0,1,1,1,1,0.732,0,0,0,0
2_18_2020,27-03-25,early,R12,11:00,279,5122.1,213.4208333,69.3,69.3,28,287.8,0,0,0,0.143,0.536,0.321,0,0,0,1,1,1,1,0.857,0.321,0,0,0
2_18_2020,27-03-46,early,R12,11:00,279,5122.1,213.4208333,69.3,69.3,47,287.8,0,0.021,0,0.447,0.532,0,0,0,0,1,1,0.979,0.979,0.532,0,0,0,0
2_18_2020,27-04-12,late,R12,11:00,279,5122.1,213.4208333,69.3,69.3,34,287.8,0.059,0,0.029,0.882,0.029,0,0,0,0,1,0.941,0.941,0.912,0.029,0,0,0,0
2_20_2020,27-02-08,late,R14,14:00,330,6029.9,251.2458333,69.3,69.3,40,338.8,0,0,0.1,0.575,0.3,0.025,0,0,0,1,1,1,0.9,0.325,0.025,0,0,0
2_20_2020,27-02-65,early,R14,14:00,330,6029.9,251.2458333,69.3,69.3,34,338.8,0,0,0,0.382,0.176,0.147,0.059,0,0.235,1,1,1,1,0.618,0.441,0.294,0.235,0.235
2_20_2020,27-03-08,late,R14,14:00,330,6029.9,251.2458333,69.3,69.3,62,338.8,0.065,0.048,0.016,0.5,0.339,0.016,0.016,0,0,1,0.935,0.887,0.871,0.371,0.032,0.016,0,0
2_20_2020,27-03-28,early,R14,14:00,330,6029.9,251.2458333,69.3,69.3,32,338.8,0,0,0.031,0.281,0.375,0.219,0.031,0,0.063,1,1,1,0.969,0.688,0.313,0.094,0.063,0.063
2_20_2020,27-03-27,early,R14,14:00,330,6029.9,251.2458333,69.3,69.3,41,338.8,0,0,0,0.195,0.634,0.171,0,0,0,1,1,1,1,0.805,0.171,0,0,0
2_20_2020,27-03-46,early,R14,14:00,330,6029.9,251.2458333,69.3,69.3,47,338.8,0,0,0.021,0.383,0.468,0.064,0,0,0.064,1,1,1,0.979,0.596,0.128,0.064,0.064,0.064
2_20_2020,27-04-12,late,R14,14:00,330,6029.9,251.2458333,69.3,69.3,34,338.8,0.059,0,0.029,0.441,0.471,0,0,0,0,1,0.941,0.941,0.912,0.471,0,0,0,0
2_17_2020,27-02-08,late,R0,16:30,0,155.9,6.495833333,69.9,69.9,66,8.8,0.894,0.106,0,0,0,0,0,0,0,1,0.106,0,0,0,0,0,0,0
2_17_2020,27-02-65,early,R0,16:30,0,155.9,6.495833333,69.9,69.9,50,8.8,1,0,0,0,0,0,0,0,0,1,0,0,0,0,0,0,0,0
2_17_2020,27-03-46,early,R0,16:30,0,155.9,6.495833333,69.9,69.9,55,8.8,1,0,0,0,0,0,0,0,0,1,0,0,0,0,0,0,0,0
2_17_2020,27-03-28,early,R0,16:30,0,155.9,6.495833333,69.9,69.9,38,8.8,1,0,0,0,0,0,0,0,0,1,0,0,0,0,0,0,0,0
2_17_2020,27-03-27,early,R0,16:30,0,155.9,6.495833333,69.9,69.9,34,8.8,1,0,0,0,0,0,0,0,0,1,0,0,0,0,0,0,0,0
2_17_2020,27-03-25,early,R0,16:30,0,155.9,6.495833333,69.9,69.9,55,8.8,0.982,0.018,0,0,0,0,0,0,0,1,0.018,0,0,0,0,0,0,0
2_17_2020,27-03-08,late,R0,16:30,0,155.9,6.495833333,69.9,69.9,47,8.8,1,0,0,0,0,0,0,0,0,1,0,0,0,0,0,0,0,0
2_17_2020,27-04-12,late,R0,16:30,0,155.9,6.495833333,69.9,69.9,38,8.8,1,0,0,0,0,0,0,0,0,1,0,0,0,0,0,0,0,0
2_19_2020,27-02-08,late,R2,16:30,48,1010.3,42.09583333,69.9,69.9,66,56.8,0.515,0.379,0.106,0,0,0,0,0,0,1,0.485,0.106,0,0,0,0,0,0
2_19_2020,27-02-65,early,R2,16:30,48,1010.3,42.09583333,69.9,69.9,50,56.8,0.06,0.84,0.1,0,0,0,0,0,0,1,0.94,0.1,0,0,0,0,0,0
2_19_2020,27-03-46,early,R2,16:30,48,1010.3,42.09583333,69.9,69.9,55,56.8,0.255,0.745,0,0,0,0,0,0,0,1,0.745,0,0,0,0,0,0,0
2_19_2020,27-03-28,early,R2,16:30,48,1010.3,42.09583333,69.9,69.9,38,56.8,0.211,0.789,0,0,0,0,0,0,0,1,0.789,0,0,0,0,0,0,0
2_19_2020,27-03-27,early,R2,16:30,48,1010.3,42.09583333,69.9,69.9,34,56.8,0.118,0.882,0,0,0,0,0,0,0,1,0.882,0,0,0,0,0,0,0
2_19_2020,27-03-25,early,R2,16:30,48,1010.3,42.09583333,69.9,69.9,55,56.8,0,0.764,0.236,0,0,0,0,0,0,1,1,0.236,0,0,0,0,0,0
2_19_2020,27-03-08,late,R2,16:30,48,1010.3,42.09583333,69.9,69.9,47,56.8,0.489,0.511,0,0,0,0,0,0,0,1,0.511,0,0,0,0,0,0,0
2_19_2020,27-04-12,late,R2,16:30,48,1010.3,42.09583333,69.9,69.9,38,56.8,1,0,0,0,0,0,0,0,0,1,0,0,0,0,0,0,0,0
2_21_2020,27-02-08,late,R4,10:00,89.5,1749,72.875,69.9,69.9,66,98.3,0.015,0.061,0.864,0.061,0,0,0,0,0,1,0.985,0.924,0.061,0,0,0,0,0
2_21_2020,27-02-65,early,R4,10:00,89.5,1749,72.875,69.9,69.9,50,98.3,0,0.04,0.88,0.08,0,0,0,0,0,1,1,0.96,0.08,0,0,0,0,0
2_21_2020,27-03-46,early,R4,10:00,89.5,1749,72.875,69.9,69.9,54,98.3,0.019,0.111,0.685,0.185,0,0,0,0,0,1,0.981,0.87,0.185,0,0,0,0,0
2_21_2020,27-03-28,early,R4,10:00,89.5,1749,72.875,69.9,69.9,38,98.3,0,0.105,0.842,0.053,0,0,0,0,0,1,1,0.895,0.053,0,0,0,0,0
2_21_2020,27-03-27,early,R4,10:00,89.5,1749,72.875,69.9,69.9,34,98.3,0,0.029,0.824,0.147,0,0,0,0,0,1,1,0.971,0.147,0,0,0,0,0
2_21_2020,27-03-25,early,R4,10:00,89.5,1749,72.875,69.9,69.9,55,98.3,0,0,0.382,0.618,0,0,0,0,0,1,1,1,0.618,0,0,0,0,0
2_21_2020,27-03-08,late,R4,10:00,89.5,1749,72.875,69.9,69.9,47,98.3,0.021,0.277,0.702,0,0,0,0,0,0,1,0.979,0.702,0,0,0,0,0,0
2_21_2020,27-04-12,late,R4,10:00,89.5,1749,72.875,69.9,69.9,38,98.3,0.526,0.474,0,0,0,0,0,0,0,1,0.474,0,0,0,0,0,0,0
2_23_2020,27-02-08,late,R6,12:00,139.5,2639,109.9583333,69.9,69.9,66,148.3,0.015,0,0.288,0.697,0,0,0,0,0,1,0.985,0.985,0.697,0,0,0,0,0
2_23_2020,27-02-65,early,R6,12:00,139.5,2639,109.9583333,69.9,69.9,50,148.3,0,0,0.32,0.68,0,0,0,0,0,1,1,1,0.68,0,0,0,0,0
2_23_2020,27-03-46,early,R6,12:00,139.5,2639,109.9583333,69.9,69.9,54,148.3,0,0.019,0.167,0.778,0.019,0,0,0,0,0.981,0.981,0.963,0.796,0.019,0,0,0,0
2_23_2020,27-03-28,early,R6,12:00,139.5,2639,109.9583333,69.9,69.9,38,148.3,0,0,0.289,0.711,0,0,0,0,0,1,1,1,0.711,0,0,0,0,0
2_23_2020,27-03-27,early,R6,12:00,139.5,2639,109.9583333,69.9,69.9,34,148.3,0,0,0.029,0.941,0,0,0,0,0,0.971,0.971,0.971,0.941,0,0,0,0,0
2_23_2020,27-03-25,early,R6,12:00,139.5,2639,109.9583333,69.9,69.9,55,148.3,0,0,0,1,0,0,0,0,0,1,1,1,1,0,0,0,0,0
2_23_2020,27-03-08,late,R6,12:00,139.5,2639,109.9583333,69.9,69.9,47,148.3,0,0.021,0.574,0.404,0,0,0,0,0,1,1,0.979,0.404,0,0,0,0,0
2_23_2020,27-04-12,late,R6,12:00,139.5,2639,109.9583333,69.9,69.9,38,148.3,0,0.079,0.868,0.053,0,0,0,0,0,1,1,0.921,0.053,0,0,0,0,0
2_25_2020,27-02-08,late,R8,14:00,189.5,3529,147.0416667,69.9,69.9,66,198.3,0,0,0.061,0.924,0.015,0,0,0,0,1,1,1,0.939,0.015,0,0,0,0
2_25_2020,27-02-65,early,R8,14:00,189.5,3529,147.0416667,69.9,69.9,50,198.3,0,0,0.06,0.76,0.18,0,0,0,0,1,1,1,0.94,0.18,0,0,0,0
2_25_2020,27-03-46,early,R8,14:00,189.5,3529,147.0416667,69.9,69.9,54,198.3,0,0.037,0.111,0.519,0.333,0,0,0,0,1,1,0.963,0.852,0.333,0,0,0,0
2_25_2020,27-03-28,early,R8,14:00,189.5,3529,147.0416667,69.9,69.9,38,198.3,0,0,0.026,0.974,0,0,0,0,0,1,1,1,0.974,0,0,0,0,0
2_25_2020,27-03-27,early,R8,14:00,189.5,3529,147.0416667,69.9,69.9,34,198.3,0,0,0,0.941,0.059,0,0,0,0,1,1,1,1,0.059,0,0,0,0
2_25_2020,27-03-25,early,R8,14:00,189.5,3529,147.0416667,69.9,69.9,55,198.3,0,0,0,0.855,0.145,0,0,0,0,1,1,1,1,0.145,0,0,0,0
2_25_2020,27-03-08,late,R8,14:00,189.5,3529,147.0416667,69.9,69.9,47,198.3,0,0.021,0.021,0.957,0,0,0,0,0,1,1,0.979,0.957,0,0,0,0,0
2_25_2020,27-04-12,late,R8,14:00,189.5,3529,147.0416667,69.9,69.9,38,198.3,0,0,0.395,0.605,0,0,0,0,0,1,1,1,0.605,0,0,0,0,0
2_27_2020,27-02-08,late,R10,10:30,234,4321.1,180.0458333,69.9,69.9,66,242.8,0,0.015,0.045,0.864,0.076,0,0,0,0,1,1,0.985,0.939,0.076,0,0,0,0
2_27_2020,27-02-65,early,R10,10:30,234,4321.1,180.0458333,69.9,69.9,50,242.8,0,0,0.06,0.42,0.42,0.1,0,0,0,1,1,1,0.94,0.52,0.1,0,0,0
2_27_2020,27-03-46,early,R10,10:30,234,4321.1,180.0458333,69.9,69.9,54,242.8,0,0,0.111,0.148,0.741,0,0,0,0,1,1,1,0.889,0.741,0,0,0,0
2_27_2020,27-03-28,early,R10,10:30,234,4321.1,180.0458333,69.9,69.9,38,242.8,0,0,0,0.737,0.263,0,0,0,0,1,1,1,1,0.263,0,0,0,0
2_27_2020,27-03-27,early,R10,10:30,234,4321.1,180.0458333,69.9,69.9,34,242.8,0,0,0,0.382,0.618,0,0,0,0,1,1,1,1,0.618,0,0,0,0
2_27_2020,27-03-25,early,R10,10:30,234,4321.1,180.0458333,69.9,69.9,55,242.8,0,0,0,0.473,0.527,0,0,0,0,1,1,1,1,0.527,0,0,0,0
2_27_2020,27-03-08,late,R10,10:30,234,4321.1,180.0458333,69.9,69.9,47,242.8,0,0.021,0,0.957,0.021,0,0,0,0,1,1,0.979,0.979,0.021,0,0,0,0
2_27_2020,27-04-12,late,R10,10:30,234,4321.1,180.0458333,69.9,69.9,38,242.8,0,0,0.026,0.947,0.026,0,0,0,0,1,1,1,0.974,0.026,0,0,0,0
2_29_2020,27-02-08,late,R12,8:30,280,5139.9,214.1625,69.9,69.9,65,288.8,0,0,0.062,0.846,0.092,0,0,0,0,1,1,1,0.938,0.092,0,0,0,0
2_29_2020,27-02-65,early,R12,8:30,280,5139.9,214.1625,69.9,69.9,50,288.8,0,0,0.04,0.34,0.26,0.3,0.06,0,0,1,1,1,0.96,0.62,0.36,0.06,0,0
2_29_2020,27-03-46,early,R12,8:30,280,5139.9,214.1625,69.9,69.9,54,288.8,0,0.019,0.111,0.093,0.389,0.37,0.019,0,0,1,1,0.981,0.87,0.778,0.389,0.019,0,0
2_29_2020,27-03-28,early,R12,8:30,280,5139.9,214.1625,69.9,69.9,38,288.8,0,0,0,0.5,0.421,0.079,0,0,0,1,1,1,1,0.5,0.079,0,0,0
2_29_2020,27-03-27,early,R12,8:30,280,5139.9,214.1625,69.9,69.9,34,288.8,0,0,0,0.088,0.794,0.118,0,0,0,1,1,1,1,0.912,0.118,0,0,0
2_29_2020,27-03-08,late,R12,8:30,280,5139.9,214.1625,69.9,69.9,47,288.8,0,0.021,0,0.511,0.468,0,0,0,0,1,1,0.979,0.979,0.468,0,0,0,0
2_29_2020,27-04-12,late,R12,8:30,280,5139.9,214.1625,69.9,69.9,38,288.8,0,0,0,0.684,0.316,0,0,0,0,1,1,1,1,0.316,0,0,0,0
3_2_2020,27-02-08,late,R14,11:30,331,6047.7,251.9875,69.9,69.9,64,339.8,0,0.016,0.063,0.766,0.156,0,0,0,0,1,1,0.984,0.922,0.156,0,0,0,0
3_2_2020,27-02-65,early,R14,11:30,331,6047.7,251.9875,69.9,69.9,50,339.8,0,0,0.04,0.26,0.28,0.06,0.02,0.02,0.3,0.98,0.98,0.98,0.94,0.68,0.4,0.34,0.32,0.3
3_2_2020,27-03-46,early,R14,11:30,331,6047.7,251.9875,69.9,69.9,52,339.8,0,0,0.096,0.077,0.135,0.135,0,0.077,0.481,1,1,1,0.904,0.827,0.692,0.558,0.558,0.481
3_2_2020,27-03-28,early,R14,11:30,331,6047.7,251.9875,69.9,69.9,38,339.8,0,0,0.026,0.368,0.211,0.105,0.026,0,0.263,1,1,1,0.974,0.605,0.395,0.289,0.263,0.263
3_2_2020,27-03-27,early,R14,11:30,331,6047.7,251.9875,69.9,69.9,34,339.8,0,0,0,0.029,0.5,0.324,0,0,0.147,1,1,1,1,0.971,0.471,0.147,0.147,0.147
3_2_2020,27-03-25,early,R14,11:30,331,6047.7,251.9875,69.9,69.9,55,339.8,0,0,0,0.236,0.164,0.2,0.145,0.109,0.145,1,1,1,1,0.764,0.6,0.4,0.255,0.145
3_2_2020,27-03-08,late,R14,11:30,331,6047.7,251.9875,69.9,69.9,47,339.8,0,0,0.021,0.426,0.255,0.277,0.021,0,0,1,1,1,0.979,0.553,0.298,0.021,0,0
3_2_2020,27-04-12,late,R14,11:30,331,6047.7,251.9875,69.9,69.9,38,339.8,0,0,0.026,0.342,0.526,0.105,0,0,0,1,1,1,0.974,0.632,0.105,0,0,0
2_25_2020,27-02-08,late,R0,14:00,0,178.2,7.425,76.4,76.4,42,10,1,0,0,0,0,0,0,0,0,1,0,0,0,0,0,0,0,0
2_25_2020,27-02-65,early,R0,14:00,0,178.2,7.425,76.4,76.4,37,10,1,0,0,0,0,0,0,0,0,1,0,0,0,0,0,0,0,0
2_25_2020,27-03-46,early,R0,14:00,0,178.2,7.425,76.4,76.4,52,10,0.981,0.019,0,0,0,0,0,0,0,1,0.019,0,0,0,0,0,0,0
2_25_2020,27-03-28,early,R0,14:00,0,178.2,7.425,76.4,76.4,38,10,0.974,0.026,0,0,0,0,0,0,0,1,0.026,0,0,0,0,0,0,0
2_25_2020,27-03-27,early,R0,14:00,0,178.2,7.425,76.4,76.4,38,10,1,0,0,0,0,0,0,0,0,1,0,0,0,0,0,0,0,0
2_25_2020,27-03-25,early,R0,14:00,0,178.2,7.425,76.4,76.4,56,10,0.964,0.036,0,0,0,0,0,0,0,1,0.036,0,0,0,0,0,0,0
2_25_2020,27-03-08,late,R0,14:00,0,178.2,7.425,76.4,76.4,54,10,1,0,0,0,0,0,0,0,0,1,0,0,0,0,0,0,0,0
2_25_2020,27-04-12,late,R0,14:00,0,178.2,7.425,76.4,76.4,45,10,1,0,0,0,0,0,0,0,0,1,0,0,0,0,0,0,0,0
2_27_2020,27-02-08,late,R2,11:30,45.5,988.1,41.17083333,76.4,76.4,42,55.5,0,0.881,0.119,0,0,0,0,0,0,1,1,0.119,0,0,0,0,0,0
2_27_2020,27-02-65,early,R2,11:30,45.5,988.1,41.17083333,76.4,76.4,37,55.5,0.054,0.838,0.108,0,0,0,0,0,0,1,0.946,0.108,0,0,0,0,0,0
2_27_2020,27-03-46,early,R2,11:30,45.5,988.1,41.17083333,76.4,76.4,52,55.5,0.058,0.5,0.442,0,0,0,0,0,0,1,0.942,0.442,0,0,0,0,0,0
2_27_2020,27-03-28,early,R2,11:30,45.5,988.1,41.17083333,76.4,76.4,38,55.5,0.026,0.789,0.184,0,0,0,0,0,0,1,0.974,0.184,0,0,0,0,0,0
2_27_2020,27-03-27,early,R2,11:30,45.5,988.1,41.17083333,76.4,76.4,38,55.5,0,0.789,0.211,0,0,0,0,0,0,1,1,0.211,0,0,0,0,0,0
2_27_2020,27-03-25,early,R2,11:30,45.5,988.1,41.17083333,76.4,76.4,56,55.5,0,0.25,0.643,0.089,0,0,0,0,0,0.982,0.982,0.732,0.089,0,0,0,0,0
2_27_2020,27-03-08,late,R2,11:30,45.5,988.1,41.17083333,76.4,76.4,54,55.5,0.167,0.852,0,0,0,0,0,0,0,1.019,0.852,0,0,0,0,0,0,0
2_27_2020,27-04-12,late,R2,11:30,45.5,988.1,41.17083333,76.4,76.4,45,55.5,1,0,0,0,0,0,0,0,0,1,0,0,0,0,0,0,0,0
2_29_2020,27-02-08,late,R4,10:00,92,1815.8,75.65833333,76.4,76.4,42,102,0,0,0.881,0.167,0,0,0,0,0,1.048,1.048,1.048,0.167,0,0,0,0,0
2_29_2020,27-02-65,early,R4,10:00,92,1815.8,75.65833333,76.4,76.4,37,102,0,0,0.919,0.081,0,0,0,0,0,1,1,1,0.081,0,0,0,0,0
2_29_2020,27-03-46,early,R4,10:00,92,1815.8,75.65833333,76.4,76.4,51,102,0,0.039,0.549,0.412,0,0,0,0,0,1,1,0.961,0.412,0,0,0,0,0
2_29_2020,27-03-28,early,R4,10:00,92,1815.8,75.65833333,76.4,76.4,38,102,0,0.026,0.553,0.421,0,0,0,0,0,1,1,0.974,0.421,0,0,0,0,0
2_29_2020,27-03-27,early,R4,10:00,92,1815.8,75.65833333,76.4,76.4,38,102,0,0,0.526,0.474,0,0,0,0,0,1,1,1,0.474,0,0,0,0,0
2_29_2020,27-03-25,early,R4,10:00,92,1815.8,75.65833333,76.4,76.4,56,102,0,0.036,0.071,0.893,0,0,0,0,0,1,1,0.964,0.893,0,0,0,0,0
2_29_2020,27-03-08,late,R4,10:00,92,1815.8,75.65833333,76.4,76.4,54,102,0,0.074,0.907,0.019,0,0,0,0,0,1,1,0.926,0.019,0,0,0,0,0
2_29_2020,27-04-12,late,R4,10:00,92,1815.8,75.65833333,76.4,76.4,45,102,0.022,0.933,0.044,0,0,0,0,0,0,1,0.978,0.044,0,0,0,0,0,0
3_2_2020,27-02-08,late,R6,1:00,143,2723.6,113.4833333,76.4,76.4,42,153,0,0,0.119,0.881,0,0,0,0,0,1,1,1,0.881,0,0,0,0,0
3_2_2020,27-02-65,early,R6,1:00,143,2723.6,113.4833333,76.4,76.4,37,153,0,0,0.027,0.946,0.027,0,0,0,0,1,1,1,0.973,0.027,0,0,0,0
3_2_2020,27-03-46,early,R6,1:00,143,2723.6,113.4833333,76.4,76.4,51,153,0,0,0.078,0.765,0.157,0,0,0,0,1,1,1,0.922,0.157,0,0,0,0
3_2_2020,27-03-28,early,R6,1:00,143,2723.6,113.4833333,76.4,76.4,38,153,0,0,0.158,0.842,0,0,0,0,0,1,1,1,0.842,0,0,0,0,0
3_2_2020,27-03-27,early,R6,1:00,143,2723.6,113.4833333,76.4,76.4,38,153,0,0,0,1,0,0,0,0,0,1,1,1,1,0,0,0,0,0
3_2_2020,27-03-25,early,R6,1:00,143,2723.6,113.4833333,76.4,76.4,56,153,0,0.018,0,0.946,0.054,0,0,0,0,1.018,1.018,1,1,0.054,0,0,0,0
3_2_2020,27-03-08,late,R6,1:00,143,2723.6,113.4833333,76.4,76.4,54,153,0,0,0.278,0.704,0.019,0,0,0,0,1,1,1,0.722,0.019,0,0,0,0
3_2_2020,27-04-12,late,R6,1:00,143,2723.6,113.4833333,76.4,76.4,45,153,0,0,0.822,0.178,0,0,0,0,0,1,1,1,0.178,0,0,0,0,0
3_4_2020,27-02-08,late,R8,9:30,187.5,3515.7,146.4875,76.4,76.4,42,197.5,0,0,0.095,0.905,0,0,0,0,0,1,1,1,0.905,0,0,0,0,0
3_4_2020,27-02-65,early,R8,9:30,187.5,3515.7,146.4875,76.4,76.4,37,197.5,0,0,0.027,0.405,0.541,0.027,0,0,0,1,1,1,0.973,0.568,0.027,0,0,0
3_4_2020,27-03-46,early,R8,9:30,187.5,3515.7,146.4875,76.4,76.4,51,197.5,0,0,0,0.412,0.588,0,0,0,0,1,1,1,1,0.588,0,0,0,0
3_4_2020,27-03-28,early,R8,9:30,187.5,3515.7,146.4875,76.4,76.4,38,197.5,0,0,0.105,0.763,0.132,0,0,0,0,1,1,1,0.895,0.132,0,0,0,0
3_4_2020,27-03-27,early,R8,9:30,187.5,3515.7,146.4875,76.4,76.4,38,197.5,0,0,0,0.737,0.263,0,0,0,0,1,1,1,1,0.263,0,0,0,0
3_4_2020,27-03-25,early,R8,9:30,187.5,3515.7,146.4875,76.4,76.4,55,197.5,0,0,0,0.527,0.473,0,0,0,0,1,1,1,1,0.473,0,0,0,0
3_4_2020,27-03-08,late,R8,9:30,187.5,3515.7,146.4875,76.4,76.4,54,197.5,0,0,0.037,0.944,0.019,0,0,0,0,1,1,1,0.963,0.019,0,0,0,0
3_4_2020,27-04-12,late,R8,9:30,187.5,3515.7,146.4875,76.4,76.4,45,197.5,0,0,0.178,0.8,0.022,0,0,0,0,1,1,1,0.822,0.022,0,0,0,0
3_6_2020,27-02-08,late,R10,12:00,238,4414.6,183.9416667,76.4,76.4,41,248,0,0,0.049,0.902,0.049,0,0,0,0,1,1,1,0.951,0.049,0,0,0,0
3_6_2020,27-02-65,early,R10,12:00,238,4414.6,183.9416667,76.4,76.4,37,248,0,0,0,0.324,0.216,0.243,0.162,0.054,0,1,1,1,1,0.676,0.459,0.216,0.054,0
3_6_2020,27-03-46,early,R10,12:00,238,4414.6,183.9416667,76.4,76.4,51,248,0,0,0,0.176,0.667,0.137,0.02,0,0,1,1,1,1,0.824,0.157,0.02,0,0
3_6_2020,27-03-28,early,R10,12:00,238,4414.6,183.9416667,76.4,76.4,38,248,0,0,0.132,0.342,0.474,0.053,0,0,0,1,1,1,0.868,0.526,0.053,0,0,0
3_6_2020,27-03-27,early,R10,12:00,238,4414.6,183.9416667,76.4,76.4,38,248,0,0,0,0.105,0.816,0.079,0,0,0,1,1,1,1,0.895,0.079,0,0,0
3_6_2020,27-03-08,late,R10,12:00,238,4414.6,183.9416667,76.4,76.4,54,248,0,0,0.019,0.667,0.315,0,0,0,0,1,1,1,0.981,0.315,0,0,0,0
3_6_2020,27-04-12,late,R10,12:00,238,4414.6,183.9416667,76.4,76.4,45,248,0,0,0.044,0.778,0.178,0,0,0,0,1,1,1,0.956,0.178,0,0,0,0
3_8_2020,27-02-08,late,R12,13:30,287.5,5295.7,220.6541667,76.4,76.4,41,297.5,0,0,0.049,0.902,0.049,0,0,0,0,1,1,1,0.951,0.049,0,0,0,0
3_8_2020,27-02-65,early,R12,13:30,287.5,5295.7,220.6541667,76.4,76.4,37,297.5,0,0,0,0.297,0.108,0.081,0.108,0.27,0.135,1,1,1,1,0.703,0.595,0.514,0.405,0.135
3_8_2020,27-03-46,early,R12,13:30,287.5,5295.7,220.6541667,76.4,76.4,51,297.5,0,0,0,0.098,0.373,0.333,0.098,0.059,0.039,1,1,1,1,0.902,0.529,0.196,0.098,0.039
3_8_2020,27-03-28,early,R12,13:30,287.5,5295.7,220.6541667,76.4,76.4,38,297.5,0,0,0.053,0.368,0.132,0.289,0.079,0,0.079,1,1,1,0.947,0.579,0.447,0.158,0.079,0.079
3_8_2020,27-03-27,early,R12,13:30,287.5,5295.7,220.6541667,76.4,76.4,38,297.5,0,0,0,0.026,0.605,0.158,0.184,0.026,0,1,1,1,1,0.974,0.368,0.211,0.026,0
3_8_2020,27-03-25,early,R12,13:30,287.5,5295.7,220.6541667,76.4,76.4,55,297.5,0,0,0,0.182,0.309,0.418,0.036,0.018,0.036,1,1,1,1,0.818,0.509,0.091,0.055,0.036
3_8_2020,27-03-08,late,R12,13:30,287.5,5295.7,220.6541667,76.4,76.4,53,297.5,0,0,0,0.302,0.566,0.132,0,0,0,1,1,1,1,0.698,0.132,0,0,0
3_8_2020,27-04-12,late,R12,13:30,287.5,5295.7,220.6541667,76.4,76.4,45,297.5,0,0,0.022,0.222,0.733,0.022,0,0,0,1,1,1,0.978,0.756,0.022,0,0,0
3_10_2020,27-02-08,late,R14,15:30,337.5,6185.7,257.7375,76.4,76.4,40,347.5,0,0,0.05,0.65,0.25,0.05,0,0,0,1,1,1,0.95,0.3,0.05,0,0,0
3_10_2020,27-02-65,early,R14,15:30,337.5,6185.7,257.7375,76.4,76.4,37,347.5,0,0,0,0.27,0.135,0.027,0.027,0,0.541,1,1,1,1,0.73,0.595,0.568,0.541,0.541
3_10_2020,27-03-46,early,R14,15:30,337.5,6185.7,257.7375,76.4,76.4,51,347.5,0,0,0,0.098,0.294,0.157,0.039,0.02,0.392,1,1,1,1,0.902,0.608,0.451,0.412,0.392
3_10_2020,27-03-28,early,R14,15:30,337.5,6185.7,257.7375,76.4,76.4,38,347.5,0,0,0.079,0.316,0.184,0.026,0,0,0.395,1,1,1,0.921,0.605,0.421,0.395,0.395,0.395
3_10_2020,27-03-27,early,R14,15:30,337.5,6185.7,257.7375,76.4,76.4,38,347.5,0,0,0,0,0.5,0,0,0,0.5,1,1,1,1,1,0.5,0.5,0.5,0.5
3_10_2020,27-03-25,early,R14,15:30,337.5,6185.7,257.7375,76.4,76.4,55,347.5,0,0.018,0,0.218,0.218,0.236,0.109,0.018,0.182,1,1,0.982,0.982,0.764,0.545,0.309,0.2,0.182
3_10_2020,27-03-08,late,R14,15:30,337.5,6185.7,257.7375,76.4,76.4,52,347.5,0,0,0,0.269,0.288,0.231,0.154,0.038,0.019,1,1,1,1,0.731,0.442,0.212,0.058,0.019
3_10_2020,27-04-12,late,R14,15:30,337.5,6185.7,257.7375,76.4,76.4,45,347.5,0,0,0.022,0.133,0.689,0.133,0.022,0,0,1,1,1,0.978,0.844,0.156,0.022,0,0
3_17_2020,27-02-08,late,R0,12:30,0,502.8,20.95,91.5,91.5,47,28.2,0.043,0.617,0.34,0,0,0,0,0,0,1,0.957,0.34,0,0,0,0,0,0
3_17_2020,27-02-65,early,R0,12:30,0,502.8,20.95,91.5,91.5,41,28.2,0,0.439,0.561,0,0,0,0,0,0,1,1,0.561,0,0,0,0,0,0
3_17_2020,27-03-08,late,R0,12:30,0,502.8,20.95,91.5,91.5,101,28.2,0.228,0.772,0,0,0,0,0,0,0,1,0.772,0,0,0,0,0,0,0
3_17_2020,27-03-25,early,R0,12:30,0,502.8,20.95,91.5,91.5,36,28.2,0.028,0.639,0.333,0,0,0,0,0,0,1,0.972,0.333,0,0,0,0,0,0
3_17_2020,27-03-27,early,R0,12:30,0,502.8,20.95,91.5,91.5,40,28.2,0,0.775,0.225,0,0,0,0,0,0,1,1,0.225,0,0,0,0,0,0
3_17_2020,27-03-28,early,R0,12:30,0,502.8,20.95,91.5,91.5,36,28.2,0.556,0.444,0,0,0,0,0,0,0,1,0.444,0,0,0,0,0,0,0
3_17_2020,27-03-46,early,R0,12:30,0,502.8,20.95,91.5,91.5,67,28.2,0.03,0.612,0.358,0,0,0,0,0,0,1,0.97,0.358,0,0,0,0,0,0
3_17_2020,27-04-12,late,R0,12:30,0,502.8,20.95,91.5,91.5,52,28.2,1,0,0,0,0,0,0,0,0,1,0,0,0,0,0,0,0,0
3_19_2020,27-02-08,late,R2,18:30,54,1464,61,91.5,91.5,47,82.2,0,0,0.277,0.723,0,0,0,0,0,1,1,1,0.723,0,0,0,0,0
3_19_2020,27-02-65,early,R2,18:30,54,1464,61,91.5,91.5,41,82.2,0,0,0.049,0.951,0,0,0,0,0,1,1,1,0.951,0,0,0,0,0
3_19_2020,27-03-08,late,R2,18:30,54,1464,61,91.5,91.5,100,82.2,0,0,0.69,0.3,0,0,0,0,0,0.99,0.99,0.99,0.3,0,0,0,0,0
3_19_2020,27-03-25,early,R2,18:30,54,1464,61,91.5,91.5,36,82.2,0,0.028,0,0.972,0,0,0,0,0,1,1,0.972,0.972,0,0,0,0,0
3_19_2020,27-03-27,early,R2,18:30,54,1464,61,91.5,91.5,40,82.2,0,0,0.175,0.825,0,0,0,0,0,1,1,1,0.825,0,0,0,0,0
3_19_2020,27-03-28,early,R2,18:30,54,1464,61,91.5,91.5,36,82.2,0,0,0.028,0.972,0,0,0,0,0,1,1,1,0.972,0,0,0,0,0
3_19_2020,27-03-46,early,R2,18:30,54,1464,61,91.5,91.5,67,82.2,0,0.015,0.075,0.91,0,0,0,0,0,1,1,0.985,0.91,0,0,0,0,0
3_19_2020,27-04-12,late,R2,18:30,54,1464,61,91.5,91.5,53,82.2,0.019,0.509,0.453,0.019,0,0,0,0,0,1,0.981,0.472,0.019,0,0,0,0,0
3_21_2020,27-02-08,late,R4,10:30,94,2176,90.66666667,91.5,91.5,47,122.2,0,0,0.021,0.957,0.021,0,0,0,0,1,1,1,0.979,0.021,0,0,0,0
3_21_2020,27-02-65,early,R4,10:30,94,2176,90.66666667,91.5,91.5,41,122.2,0,0,0,0.976,0.024,0,0,0,0,1,1,1,1,0.024,0,0,0,0
3_21_2020,27-03-08,late,R4,10:30,94,2176,90.66666667,91.5,91.5,100,122.2,0.01,0,0.11,0.88,0,0,0,0,0,1,0.99,0.99,0.88,0,0,0,0,0
3_21_2020,27-03-25,early,R4,10:30,94,2176,90.66666667,91.5,91.5,36,122.2,0,0.028,0,0.889,0.083,0,0,0,0,1,1,0.972,0.972,0.083,0,0,0,0
3_21_2020,27-03-27,early,R4,10:30,94,2176,90.66666667,91.5,91.5,40,122.2,0,0,0,1,0,0,0,0,0,1,1,1,1,0,0,0,0,0
3_21_2020,27-03-28,early,R4,10:30,94,2176,90.66666667,91.5,91.5,36,122.2,0,0,0,0.972,0.028,0,0,0,0,1,1,1,1,0.028,0,0,0,0
3_21_2020,27-03-46,early,R4,10:30,94,2176,90.66666667,91.5,91.5,67,122.2,0,0.015,0,0.776,0.209,0,0,0,0,1,1,0.985,0.985,0.209,0,0,0,0
3_21_2020,27-04-12,late,R4,10:30,94,2176,90.66666667,91.5,91.5,53,122.2,0.019,0,0.509,0.472,0,0,0,0,0,1,0.981,0.981,0.472,0,0,0,0,0
3_23_2020,27-02-08,late,R6,10:00,141.5,3021.5,125.8958333,91.5,91.5,47,169.7,0,0,0,0.979,0.021,0,0,0,0,1,1,1,1,0.021,0,0,0,0
3_23_2020,27-02-65,early,R6,10:00,141.5,3021.5,125.8958333,91.5,91.5,41,169.7,0,0,0,0.341,0.659,0,0,0,0,1,1,1,1,0.659,0,0,0,0
3_23_2020,27-03-08,late,R6,10:00,141.5,3021.5,125.8958333,91.5,91.5,100,169.7,0.02,0,0,0.96,0.02,0,0,0,0,1,0.98,0.98,0.98,0.02,0,0,0,0
3_23_2020,27-03-25,early,R6,10:00,141.5,3021.5,125.8958333,91.5,91.5,36,169.7,0,0.028,0,0.194,0.778,0,0,0,0,1,1,0.972,0.972,0.778,0,0,0,0
3_23_2020,27-03-27,early,R6,10:00,141.5,3021.5,125.8958333,91.5,91.5,40,169.7,0,0,0,0.65,0.35,0,0,0,0,1,1,1,1,0.35,0,0,0,0
3_23_2020,27-03-46,early,R6,10:00,141.5,3021.5,125.8958333,91.5,91.5,67,169.7,0,0,0,0.373,0.627,0,0,0,0,1,1,1,1,0.627,0,0,0,0
3_23_2020,27-04-12,late,R6,10:00,141.5,3021.5,125.8958333,91.5,91.5,53,169.7,0.019,0,0.094,0.887,0,0,0,0,0,1,0.981,0.981,0.887,0,0,0,0,0
3_25_2020,27-02-08,late,R8,12:00,191.5,3911.5,162.9791667,91.5,91.5,47,219.7,0,0,0,0.979,0.021,0,0,0,0,1,1,1,1,0.021,0,0,0,0
3_25_2020,27-02-65,early,R8,12:00,191.5,3911.5,162.9791667,91.5,91.5,41,219.7,0,0,0,0.195,0.415,0.39,0,0,0,1,1,1,1,0.805,0.39,0,0,0
3_25_2020,27-03-08,late,R8,12:00,191.5,3911.5,162.9791667,91.5,91.5,100,219.7,0.01,0,0.01,0.4,0.58,0,0,0,0,1,0.99,0.99,0.98,0.58,0,0,0,0
3_25_2020,27-03-25,early,R8,12:00,191.5,3911.5,162.9791667,91.5,91.5,36,219.7,0,0.028,0,0.111,0.5,0.306,0.056,0,0,1,1,0.972,0.972,0.861,0.361,0.056,0,0
3_25_2020,27-03-27,early,R8,12:00,191.5,3911.5,162.9791667,91.5,91.5,40,219.7,0,0,0,0.2,0.55,0.25,0,0,0,1,1,1,1,0.8,0.25,0,0,0
3_25_2020,27-03-28,early,R8,12:00,191.5,3911.5,162.9791667,91.5,91.5,36,219.7,0,0,0,0.139,0.806,0.056,0,0,0,1,1,1,1,0.861,0.056,0,0,0
3_25_2020,27-03-46,early,R8,12:00,191.5,3911.5,162.9791667,91.5,91.5,67,219.7,0,0,0.015,0.209,0.657,0.119,0,0,0,1,1,1,0.985,0.776,0.119,0,0,0
3_25_2020,27-04-12,late,R8,12:00,191.5,3911.5,162.9791667,91.5,91.5,53,219.7,0.019,0,0.019,0.642,0.321,0,0,0,0,1,0.981,0.981,0.962,0.321,0,0,0,0
3_27_2020,27-02-08,late,R10,13:00,240.5,4783.7,199.3208333,91.5,91.5,47,268.7,0,0,0,0.957,0.043,0,0,0,0,1,1,1,1,0.043,0,0,0,0
3_27_2020,27-02-65,early,R10,13:00,240.5,4783.7,199.3208333,91.5,91.5,41,268.7,0,0,0,0.195,0.244,0.268,0.122,0.098,0.073,1,1,1,1,0.805,0.561,0.293,0.171,0.073
3_27_2020,27-03-08,late,R10,13:00,240.5,4783.7,199.3208333,91.5,91.5,100,268.7,0,0,0,0.36,0.27,0.32,0.02,0.01,0,0.98,0.98,0.98,0.98,0.62,0.35,0.03,0.01,0
3_27_2020,27-03-25,early,R10,13:00,240.5,4783.7,199.3208333,91.5,91.5,36,268.7,0,0,0.028,0.056,0.25,0.222,0.167,0.056,0.222,1,1,1,0.972,0.917,0.667,0.444,0.278,0.222
3_27_2020,27-03-27,early,R10,13:00,240.5,4783.7,199.3208333,91.5,91.5,40,268.7,0,0,0,0.175,0.25,0.175,0.1,0.1,0.2,1,1,1,1,0.825,0.575,0.4,0.3,0.2
3_27_2020,27-03-28,early,R10,13:00,240.5,4783.7,199.3208333,91.5,91.5,36,268.7,0,0,0,0.111,0.5,0.111,0.028,0.056,0.194,1,1,1,1,0.889,0.389,0.278,0.25,0.194
3_27_2020,27-03-46,early,R10,13:00,240.5,4783.7,199.3208333,91.5,91.5,67,268.7,0,0,0.015,0.209,0.358,0.194,0.149,0.015,0.06,1,1,1,0.985,0.776,0.418,0.224,0.075,0.06
3_27_2020,27-04-12,late,R10,13:00,240.5,4783.7,199.3208333,91.5,91.5,53,268.7,0,0,0,0.226,0.679,0.094,0,0,0,1,1,1,1,0.774,0.094,0,0,0