Date,Genotype,Group,kj_combo,rep,Hour,hours_at_22.2C,GDH_4.4C,GDD_4.4C,Flower_buds,chill_portions_since_oct1,50,51,52,53,54,55,56,57,58,59,BBCH_50_proportion,BBCH_51_proportion,BBCH_52_proportion,BBCH_53_proportion,BBCH_54_proportion,BBCH_55_proportion,BBCH_56_proportion,BBCH_57_proportion,BBCH_59_proportion,BBCH_50_proportion_plus,BBCH_51_proportion_plus,BBCH_52_proportion_plus,BBCH_53_proportion_plus,BBCH_54_proportion_plus,BBCH_55_proportion_plus,BBCH_56_proportion_plus,BBCH_57_proportion_plus,BBCH_59_proportion_plus
11_14_21,27-02-08,late,2k0j,R0,15:00,0,0,0,52,20.7,52,0,0,0,0,0,0,0,0,0,1,0,0,0,0,0,0,0,0,1,0,0,0,0,0,0,0,0
11_14_21,27-02-65,early,0k0j,R0,15:00,0,0,0,52,20.7,52,0,0,0,0,0,0,0,0,0,1,0,0,0,0,0,0,0,0,1,0,0,0,0,0,0,0,0
11_14_21,27-03-46,early,0k0j,R0,15:00,0,0,0,53,20.7,53,0,0,0,0,0,0,0,0,0,1,0,0,0,0,0,0,0,0,1,0,0,0,0,0,0,0,0
11_14_21,27-03-28,early,0k0j,R0,15:00,0,0,0,61,20.7,61,0,0,0,0,0,0,0,0,0,1,0,0,0,0,0,0,0,0,1,0,0,0,0,0,0,0,0
11_14_21,27-03-27,early,0k0j,R0,15:00,0,0,0,60,20.7,60,0,0,0,0,0,0,0,0,0,1,0,0,0,0,0,0,0,0,1,0,0,0,0,0,0,0,0
11_14_21,27-03-25,early,0k0j,R0,15:00,0,0,0,52,20.7,45,7,0,0,0,0,0,0,0,0,0.865,0.135,0,0,0,0,0,0,0,1,0.135,0,0,0,0,0,0,0
11_14_21,27-03-08,late,2k1j,R0,15:00,0,0,0,70,20.7,70,0,0,0,0,0,0,0,0,0,1,0,0,0,0,0,0,0,0,1,0,0,0,0,0,0,0,0
11_14_21,27-04-12,late,2k1j,R0,15:00,0,0,0,41,20.7,41,0,0,0,0,0,0,0,0,0,1,0,0,0,0,0,0,0,0,1,0,0,0,0,0,0,0,0
11_16_21,27-02-08,late,2k0j,R2,9:00,42,747.6,31.2,52,20.7,51,1,0,0,0,0,0,0,0,0,0.981,0.019,0,0,0,0,0,0,0,1,0.019,0,0,0,0,0,0,0
11_16_21,27-02-65,early,0k0j,R2,9:00,42,747.6,31.2,52,20.7,30,22,0,0,0,0,0,0,0,0,0.577,0.423,0,0,0,0,0,0,0,1,0.423,0,0,0,0,0,0,0
11_16_21,27-03-46,early,0k0j,R2,9:00,42,747.6,31.2,53,20.7,35,18,0,0,0,0,0,0,0,0,0.66,0.34,0,0,0,0,0,0,0,1,0.34,0,0,0,0,0,0,0
11_16_21,27-03-28,early,0k0j,R2,9:00,42,747.6,31.2,61,20.7,56,5,0,0,0,0,0,0,0,0,0.918,0.082,0,0,0,0,0,0,0,1,0.082,0,0,0,0,0,0,0
11_16_21,27-03-27,early,0k0j,R2,9:00,42,747.6,31.2,60,20.7,57,3,0,0,0,0,0,0,0,0,0.95,0.05,0,0,0,0,0,0,0,1,0.05,0,0,0,0,0,0,0
11_16_21,27-03-25,early,0k0j,R2,9:00,42,747.6,31.2,52,20.7,30,22,0,0,0,0,0,0,0,0,0.577,0.423,0,0,0,0,0,0,0,1,0.423,0,0,0,0,0,0,0
11_16_21,27-03-08,late,2k1j,R2,9:00,42,747.6,31.2,70,20.7,70,0,0,0,0,0,0,0,0,0,1,0,0,0,0,0,0,0,0,1,0,0,0,0,0,0,0,0
11_16_21,27-04-12,late,2k1j,R2,9:00,42,747.6,31.2,41,20.7,41,0,0,0,0,0,0,0,0,0,1,0,0,0,0,0,0,0,0,1,0,0,0,0,0,0,0,0
11_18_21,27-02-08,late,2k0j,R4,9:00,90,1602,66.8,52,20.7,48,4,0,0,0,0,0,0,0,0,0.923,0.077,0,0,0,0,0,0,0,1,0.077,0,0,0,0,0,0,0
11_18_21,27-02-65,early,0k0j,R4,9:00,90,1602,66.8,52,20.7,25,27,0,0,0,0,0,0,0,0,0.481,0.519,0,0,0,0,0,0,0,1,0.519,0,0,0,0,0,0,0
11_18_21,27-03-46,early,0k0j,R4,9:00,90,1602,66.8,53,20.7,24,29,0,0,0,0,0,0,0,0,0.453,0.547,0,0,0,0,0,0,0,1,0.547,0,0,0,0,0,0,0
11_18_21,27-03-28,early,0k0j,R4,9:00,90,1602,66.8,61,20.7,49,12,0,0,0,0,0,0,0,0,0.803,0.197,0,0,0,0,0,0,0,1,0.197,0,0,0,0,0,0,0
11_18_21,27-03-27,early,0k0j,R4,9:00,90,1602,66.8,60,20.7,53,7,0,0,0,0,0,0,0,0,0.883,0.117,0,0,0,0,0,0,0,1,0.117,0,0,0,0,0,0,0
11_18_21,27-03-25,early,0k0j,R4,9:00,90,1602,66.8,52,20.7,14,38,0,0,0,0,0,0,0,0,0.269,0.731,0,0,0,0,0,0,0,1,0.731,0,0,0,0,0,0,0
11_18_21,27-03-08,late,2k1j,R4,9:00,90,1602,66.8,70,20.7,70,0,0,0,0,0,0,0,0,0,1,0,0,0,0,0,0,0,0,1,0,0,0,0,0,0,0,0
11_18_21,27-04-12,late,2k1j,R4,9:00,90,1602,66.8,41,20.7,37,4,0,0,0,0,0,0,0,0,0.902,0.098,0,0,0,0,0,0,0,1,0.098,0,0,0,0,0,0,0
11_20_21,27-02-08,late,2k0j,R6,9:00,138,2456.4,102.4,52,20.7,47,5,0,0,0,0,0,0,0,0,0.904,0.096,0,0,0,0,0,0,0,1,0.096,0,0,0,0,0,0,0
11_20_21,27-02-65,early,0k0j,R6,9:00,138,2456.4,102.4,52,20.7,18,34,0,0,0,0,0,0,0,0,0.346,0.654,0,0,0,0,0,0,0,1,0.654,0,0,0,0,0,0,0
11_20_21,27-03-46,early,0k0j,R6,9:00,138,2456.4,102.4,53,20.7,11,42,0,0,0,0,0,0,0,0,0.208,0.792,0,0,0,0,0,0,0,1,0.792,0,0,0,0,0,0,0
11_20_21,27-03-28,early,0k0j,R6,9:00,138,2456.4,102.4,61,20.7,39,22,0,0,0,0,0,0,0,0,0.639,0.361,0,0,0,0,0,0,0,1,0.361,0,0,0,0,0,0,0
11_20_21,27-03-27,early,0k0j,R6,9:00,138,2456.4,102.4,60,20.7,49,11,0,0,0,0,0,0,0,0,0.817,0.183,0,0,0,0,0,0,0,1,0.183,0,0,0,0,0,0,0
11_20_21,27-03-25,early,0k0j,R6,9:00,138,2456.4,102.4,52,20.7,8,44,0,0,0,0,0,0,0,0,0.154,0.846,0,0,0,0,0,0,0,1,0.846,0,0,0,0,0,0,0
11_20_21,27-03-08,late,2k1j,R6,9:00,138,2456.4,102.4,70,20.7,70,0,0,0,0,0,0,0,0,0,1,0,0,0,0,0,0,0,0,1,0,0,0,0,0,0,0,0
11_20_21,27-04-12,late,2k1j,R6,9:00,138,2456.4,102.4,41,20.7,33,8,0,0,0,0,0,0,0,0,0.805,0.195,0,0,0,0,0,0,0,1,0.195,0,0,0,0,0,0,0
11_22_21,27-02-08,late,2k0j,R8,8:30,185,3293,137.2,52,20.7,44,8,0,0,0,0,0,0,0,0,0.846,0.154,0,0,0,0,0,0,0,1,0.154,0,0,0,0,0,0,0
11_22_21,27-02-65,early,0k0j,R8,8:30,185,3293,137.2,52,20.7,13,38,1,0,0,0,0,0,0,0,0.25,0.731,0.019,0,0,0,0,0,0,1,0.75,0.019,0,0,0,0,0,0
11_22_21,27-03-46,early,0k0j,R8,8:30,185,3293,137.2,53,20.7,9,44,0,0,0,0,0,0,0,0,0.17,0.83,0,0,0,0,0,0,0,1,0.83,0,0,0,0,0,0,0
11_22_21,27-03-28,early,0k0j,R8,8:30,185,3293,137.2,61,20.7,36,25,0,0,0,0,0,0,0,0,0.59,0.41,0,0,0,0,0,0,0,1,0.41,0,0,0,0,0,0,0
11_22_21,27-03-27,early,0k0j,R8,8:30,185,3293,137.2,60,20.7,36,24,0,0,0,0,0,0,0,0,0.6,0.4,0,0,0,0,0,0,0,1,0.4,0,0,0,0,0,0,0
11_22_21,27-03-25,early,0k0j,R8,8:30,185,3293,137.2,52,20.7,5,45,2,0,0,0,0,0,0,0,0.096,0.865,0.038,0,0,0,0,0,0,1,0.904,0.038,0,0,0,0,0,0
11_22_21,27-03-08,late,2k1j,R8,8:30,185,3293,137.2,70,20.7,69,1,0,0,0,0,0,0,0,0,0.986,0.014,0,0,0,0,0,0,0,1,0.014,0,0,0,0,0,0,0
11_22_21,27-04-12,late,2k1j,R8,8:30,185,3293,137.2,41,20.7,27,14,0,0,0,0,0,0,0,0,0.659,0.341,0,0,0,0,0,0,0,1,0.341,0,0,0,0,0,0,0
11_24_21,27-02-08,late,2k0j,R10,8:00,232.5,4138.5,172.4,52,20.7,44,8,0,0,0,0,0,0,0,0,0.846,0.154,0,0,0,0,0,0,0,1,0.154,0,0,0,0,0,0,0
11_24_21,27-02-65,early,0k0j,R10,8:00,232.5,4138.5,172.4,52,20.7,13,38,1,0,0,0,0,0,0,0,0.25,0.731,0.019,0,0,0,0,0,0,1,0.75,0.019,0,0,0,0,0,0
11_24_21,27-03-46,early,0k0j,R10,8:00,232.5,4138.5,172.4,53,20.7,4,49,0,0,0,0,0,0,0,0,0.075,0.925,0,0,0,0,0,0,0,1,0.925,0,0,0,0,0,0,0
11_24_21,27-03-28,early,0k0j,R10,8:00,232.5,4138.5,172.4,61,20.7,19,42,0,0,0,0,0,0,0,0,0.311,0.689,0,0,0,0,0,0,0,1,0.689,0,0,0,0,0,0,0
11_24_21,27-03-27,early,0k0j,R10,8:00,232.5,4138.5,172.4,60,20.7,35,25,0,0,0,0,0,0,0,0,0.583,0.417,0,0,0,0,0,0,0,1,0.417,0,0,0,0,0,0,0
11_24_21,27-03-25,early,0k0j,R10,8:00,232.5,4138.5,172.4,52,20.7,4,45,3,0,0,0,0,0,0,0,0.077,0.865,0.058,0,0,0,0,0,0,1,0.923,0.058,0,0,0,0,0,0
11_24_21,27-03-08,late,2k1j,R10,8:00,232.5,4138.5,172.4,70,20.7,64,6,0,0,0,0,0,0,0,0,0.914,0.086,0,0,0,0,0,0,0,1,0.086,0,0,0,0,0,0,0
11_24_21,27-04-12,late,2k1j,R10,8:00,232.5,4138.5,172.4,41,20.7,22,19,0,0,0,0,0,0,0,0,0.537,0.463,0,0,0,0,0,0,0,1,0.463,0,0,0,0,0,0,0
11_24_21,27-02-08,late,2k0j,R0,15:00,0,0,0,31,28,31,0,0,0,0,0,0,0,0,0,1,0,0,0,0,0,0,0,0,1,0,0,0,0,0,0,0,0
11_24_21,27-02-65,early,0k0j,R0,15:00,0,0,0,24,28,24,0,0,0,0,0,0,0,0,0,1,0,0,0,0,0,0,0,0,1,0,0,0,0,0,0,0,0
11_24_21,27-03-46,early,0k0j,R0,15:00,0,0,0,22,28,17,5,0,0,0,0,0,0,0,0,0.773,0.227,0,0,0,0,0,0,0,1,0.227,0,0,0,0,0,0,0
11_24_21,27-03-28,early,0k0j,R0,15:00,0,0,0,36,28,30,6,0,0,0,0,0,0,0,0,0.833,0.167,0,0,0,0,0,0,0,1,0.167,0,0,0,0,0,0,0
11_24_21,27-03-27,early,0k0j,R0,15:00,0,0,0,25,28,25,0,0,0,0,0,0,0,0,0,1,0,0,0,0,0,0,0,0,1,0,0,0,0,0,0,0,0
11_24_21,27-03-25,early,0k0j,R0,15:00,0,0,0,24,28,23,1,0,0,0,0,0,0,0,0,0.958,0.042,0,0,0,0,0,0,0,1,0.042,0,0,0,0,0,0,0
11_24_21,27-03-08,late,2k1j,R0,15:00,0,0,0,27,28,25,2,0,0,0,0,0,0,0,0,0.926,0.074,0,0,0,0,0,0,0,1,0.074,0,0,0,0,0,0,0
11_24_21,27-04-12,late,2k1j,R0,15:00,0,0,0,26,28,26,0,0,0,0,0,0,0,0,0,1,0,0,0,0,0,0,0,0,1,0,0,0,0,0,0,0,0
11_26_21,27-02-08,late,2k0j,R2,9:00,42,747.6,31.2,31,28,29,2,0,0,0,0,0,0,0,0,0.935,0.065,0,0,0,0,0,0,0,1,0.065,0,0,0,0,0,0,0
11_26_21,27-02-65,early,0k0j,R2,9:00,42,747.6,31.2,24,28,24,0,0,0,0,0,0,0,0,0,1,0,0,0,0,0,0,0,0,1,0,0,0,0,0,0,0,0
11_26_21,27-03-46,early,0k0j,R2,9:00,42,747.6,31.2,22,28,5,17,0,0,0,0,0,0,0,0,0.227,0.773,0,0,0,0,0,0,0,1,0.773,0,0,0,0,0,0,0
11_26_21,27-03-28,early,0k0j,R2,9:00,42,747.6,31.2,36,28,21,15,0,0,0,0,0,0,0,0,0.583,0.417,0,0,0,0,0,0,0,1,0.417,0,0,0,0,0,0,0
11_26_21,27-03-27,early,0k0j,R2,9:00,42,747.6,31.2,25,28,18,7,0,0,0,0,0,0,0,0,0.72,0.28,0,0,0,0,0,0,0,1,0.28,0,0,0,0,0,0,0
11_26_21,27-03-25,early,0k0j,R2,9:00,42,747.6,31.2,24,28,13,11,0,0,0,0,0,0,0,0,0.542,0.458,0,0,0,0,0,0,0,1,0.458,0,0,0,0,0,0,0
11_26_21,27-03-08,late,2k1j,R2,9:00,42,747.6,31.2,27,28,24,3,0,0,0,0,0,0,0,0,0.889,0.111,0,0,0,0,0,0,0,1,0.111,0,0,0,0,0,0,0
11_26_21,27-04-12,late,2k1j,R2,9:00,42,747.6,31.2,26,28,20,6,0,0,0,0,0,0,0,0,0.769,0.231,0,0,0,0,0,0,0,1,0.231,0,0,0,0,0,0,0
11_28_21,27-02-08,late,2k0j,R4,9:00,90,1602,66.8,31,28,28,3,0,0,0,0,0,0,0,0,0.903,0.097,0,0,0,0,0,0,0,1,0.097,0,0,0,0,0,0,0
11_28_21,27-02-65,early,0k0j,R4,9:00,90,1602,66.8,24,28,23,1,0,0,0,0,0,0,0,0,0.958,0.042,0,0,0,0,0,0,0,1,0.042,0,0,0,0,0,0,0
11_28_21,27-03-46,early,0k0j,R4,9:00,90,1602,66.8,22,28,2,20,0,0,0,0,0,0,0,0,0.091,0.909,0,0,0,0,0,0,0,1,0.909,0,0,0,0,0,0,0
11_28_21,27-03-28,early,0k0j,R4,9:00,90,1602,66.8,36,28,20,16,0,0,0,0,0,0,0,0,0.556,0.444,0,0,0,0,0,0,0,1,0.444,0,0,0,0,0,0,0
11_28_21,27-03-27,early,0k0j,R4,9:00,90,1602,66.8,25,28,14,11,0,0,0,0,0,0,0,0,0.56,0.44,0,0,0,0,0,0,0,1,0.44,0,0,0,0,0,0,0
11_28_21,27-03-25,early,0k0j,R4,9:00,90,1602,66.8,24,28,4,20,0,0,0,0,0,0,0,0,0.167,0.833,0,0,0,0,0,0,0,1,0.833,0,0,0,0,0,0,0
11_28_21,27-03-08,late,2k1j,R4,9:00,90,1602,66.8,27,28,24,3,0,0,0,0,0,0,0,0,0.889,0.111,0,0,0,0,0,0,0,1,0.111,0,0,0,0,0,0,0
11_28_21,27-04-12,late,2k1j,R4,9:00,90,1602,66.8,26,28,15,11,0,0,0,0,0,0,0,0,0.577,0.423,0,0,0,0,0,0,0,1,0.423,0,0,0,0,0,0,0
11_30_21,27-02-08,late,2k0j,R6,9:00,138,2456.4,102.4,31,28,23,8,0,0,0,0,0,0,0,0,0.742,0.258,0,0,0,0,0,0,0,1,0.258,0,0,0,0,0,0,0
11_30_21,27-02-65,early,0k0j,R6,9:00,138,2456.4,102.4,24,28,17,7,0,0,0,0,0,0,0,0,0.708,0.292,0,0,0,0,0,0,0,1,0.292,0,0,0,0,0,0,0
11_30_21,27-03-46,early,0k0j,R6,9:00,138,2456.4,102.4,22,28,0,22,0,0,0,0,0,0,0,0,0,1,0,0,0,0,0,0,0,1,1,0,0,0,0,0,0,0
11_30_21,27-03-28,early,0k0j,R6,9:00,138,2456.4,102.4,36,28,10,26,0,0,0,0,0,0,0,0,0.278,0.722,0,0,0,0,0,0,0,1,0.722,0,0,0,0,0,0,0
11_30_21,27-03-27,early,0k0j,R6,9:00,138,2456.4,102.4,25,28,11,14,0,0,0,0,0,0,0,0,0.44,0.56,0,0,0,0,0,0,0,1,0.56,0,0,0,0,0,0,0
11_30_21,27-03-25,early,0k0j,R6,9:00,138,2456.4,102.4,24,28,3,21,0,0,0,0,0,0,0,0,0.125,0.875,0,0,0,0,0,0,0,1,0.875,0,0,0,0,0,0,0
11_30_21,27-03-08,late,2k1j,R6,9:00,138,2456.4,102.4,27,28,23,4,0,0,0,0,0,0,0,0,0.852,0.148,0,0,0,0,0,0,0,1,0.148,0,0,0,0,0,0,0
11_30_21,27-04-12,late,2k1j,R6,9:00,138,2456.4,102.4,26,28,14,12,0,0,0,0,0,0,0,0,0.538,0.462,0,0,0,0,0,0,0,1,0.462,0,0,0,0,0,0,0
12_2_21,27-02-08,late,2k0j,R8,8:00,185,3293,137.2,31,28,21,10,0,0,0,0,0,0,0,0,0.677,0.323,0,0,0,0,0,0,0,1,0.323,0,0,0,0,0,0,0
12_2_21,27-02-65,early,0k0j,R8,8:00,185,3293,137.2,24,28,15,9,0,0,0,0,0,0,0,0,0.625,0.375,0,0,0,0,0,0,0,1,0.375,0,0,0,0,0,0,0
12_2_21,27-03-46,early,0k0j,R8,8:00,185,3293,137.2,22,28,0,22,0,0,0,0,0,0,0,0,0,1,0,0,0,0,0,0,0,1,1,0,0,0,0,0,0,0
12_2_21,27-03-28,early,0k0j,R8,8:00,185,3293,137.2,36,28,9,27,0,0,0,0,0,0,0,0,0.25,0.75,0,0,0,0,0,0,0,1,0.75,0,0,0,0,0,0,0
12_2_21,27-03-27,early,0k0j,R8,8:00,185,3293,137.2,25,28,11,14,0,0,0,0,0,0,0,0,0.44,0.56,0,0,0,0,0,0,0,1,0.56,0,0,0,0,0,0,0
12_2_21,27-03-25,early,0k0j,R8,8:00,185,3293,137.2,24,28,1,23,0,0,0,0,0,0,0,0,0.042,0.958,0,0,0,0,0,0,0,1,0.958,0,0,0,0,0,0,0
12_2_21,27-03-08,late,2k1j,R8,8:00,185,3293,137.2,27,28,23,4,0,0,0,0,0,0,0,0,0.852,0.148,0,0,0,0,0,0,0,1,0.148,0,0,0,0,0,0,0
12_2_21,27-04-12,late,2k1j,R8,8:00,185,3293,137.2,26,28,11,15,0,0,0,0,0,0,0,0,0.423,0.577,0,0,0,0,0,0,0,1,0.577,0,0,0,0,0,0,0
12_4_21,27-02-08,late,2k0j,R10,9:00,234,4165.2,173.6,31,28,19,12,0,0,0,0,0,0,0,0,0.613,0.387,0,0,0,0,0,0,0,1,0.387,0,0,0,0,0,0,0
12_4_21,27-02-65,early,0k0j,R10,9:00,234,4165.2,173.6,24,28,9,15,0,0,0,0,0,0,0,0,0.375,0.625,0,0,0,0,0,0,0,1,0.625,0,0,0,0,0,0,0
12_4_21,27-03-46,early,0k0j,R10,9:00,234,4165.2,173.6,22,28,0,22,0,0,0,0,0,0,0,0,0,1,0,0,0,0,0,0,0,1,1,0,0,0,0,0,0,0
12_4_21,27-03-28,early,0k0j,R10,9:00,234,4165.2,173.6,36,28,9,27,0,0,0,0,0,0,0,0,0.25,0.75,0,0,0,0,0,0,0,1,0.75,0,0,0,0,0,0,0
12_4_21,27-03-27,early,0k0j,R10,9:00,234,4165.2,173.6,25,28,6,19,0,0,0,0,0,0,0,0,0.24,0.76,0,0,0,0,0,0,0,1,0.76,0,0,0,0,0,0,0
12_4_21,27-03-25,early,0k0j,R10,9:00,234,4165.2,173.6,24,28,1,23,0,0,0,0,0,0,0,0,0.042,0.958,0,0,0,0,0,0,0,1,0.958,0,0,0,0,0,0,0
12_4_21,27-03-08,late,2k1j,R10,9:00,234,4165.2,173.6,27,28,19,8,0,0,0,0,0,0,0,0,0.704,0.296,0,0,0,0,0,0,0,1,0.296,0,0,0,0,0,0,0
12_4_21,27-04-12,late,2k1j,R10,9:00,234,4165.2,173.6,26,28,10,16,0,0,0,0,0,0,0,0,0.385,0.615,0,0,0,0,0,0,0,1,0.615,0,0,0,0,0,0,0
12_4_21,27-02-08,late,2k0j,R0,13:00,0,0,0,42,33.1,41,1,0,0,0,0,0,0,0,0,0.976,0.024,0,0,0,0,0,0,0,1,0.024,0,0,0,0,0,0,0
12_4_21,27-02-65,early,0k0j,R0,13:00,0,0,0,49,33.1,42,7,0,0,0,0,0,0,0,0,0.857,0.143,0,0,0,0,0,0,0,1,0.143,0,0,0,0,0,0,0
12_4_21,27-03-46,early,0k0j,R0,13:00,0,0,0,32,33.1,18,14,0,0,0,0,0,0,0,0,0.563,0.438,0,0,0,0,0,0,0,1,0.438,0,0,0,0,0,0,0
12_4_21,27-03-28,early,0k0j,R0,13:00,0,0,0,26,33.1,25,1,0,0,0,0,0,0,0,0,0.962,0.038,0,0,0,0,0,0,0,1,0.038,0,0,0,0,0,0,0
12_4_21,27-03-27,early,0k0j,R0,13:00,0,0,0,26,33.1,26,0,0,0,0,0,0,0,0,0,1,0,0,0,0,0,0,0,0,1,0,0,0,0,0,0,0,0
12_4_21,27-03-25,early,0k0j,R0,13:00,0,0,0,26,33.1,22,4,0,0,0,0,0,0,0,0,0.846,0.154,0,0,0,0,0,0,0,1,0.154,0,0,0,0,0,0,0
12_4_21,27-03-08,late,2k1j,R0,13:00,0,0,0,39,33.1,39,0,0,0,0,0,0,0,0,0,1,0,0,0,0,0,0,0,0,1,0,0,0,0,0,0,0,0
12_4_21,27-04-12,late,2k1j,R0,13:00,0,0,0,30,33.1,30,0,0,0,0,0,0,0,0,0,1,0,0,0,0,0,0,0,0,1,0,0,0,0,0,0,0,0
12_6_21,27-02-08,late,2k0j,R2,10:00,45,801,33.4,42,33.1,35,7,0,0,0,0,0,0,0,0,0.833,0.167,0,0,0,0,0,0,0,1,0.167,0,0,0,0,0,0,0
12_6_21,27-02-65,early,0k0j,R2,10:00,45,801,33.4,49,33.1,33,16,0,0,0,0,0,0,0,0,0.673,0.327,0,0,0,0,0,0,0,1,0.327,0,0,0,0,0,0,0
12_6_21,27-03-46,early,0k0j,R2,10:00,45,801,33.4,32,33.1,10,22,0,0,0,0,0,0,0,0,0.313,0.688,0,0,0,0,0,0,0,1,0.688,0,0,0,0,0,0,0
12_6_21,27-03-28,early,0k0j,R2,10:00,45,801,33.4,26,33.1,23,3,0,0,0,0,0,0,0,0,0.885,0.115,0,0,0,0,0,0,0,1,0.115,0,0,0,0,0,0,0
12_6_21,27-03-27,early,0k0j,R2,10:00,45,801,33.4,26,33.1,25,1,0,0,0,0,0,0,0,0,0.962,0.038,0,0,0,0,0,0,0,1,0.038,0,0,0,0,0,0,0
12_6_21,27-03-25,early,0k0j,R2,10:00,45,801,33.4,26,33.1,14,12,0,0,0,0,0,0,0,0,0.538,0.462,0,0,0,0,0,0,0,1,0.462,0,0,0,0,0,0,0
12_6_21,27-03-08,late,2k1j,R2,10:00,45,801,33.4,39,33.1,38,1,0,0,0,0,0,0,0,0,0.974,0.026,0,0,0,0,0,0,0,1,0.026,0,0,0,0,0,0,0
12_6_21,27-04-12,late,2k1j,R2,10:00,45,801,33.4,30,33.1,27,3,0,0,0,0,0,0,0,0,0.9,0.1,0,0,0,0,0,0,0,1,0.1,0,0,0,0,0,0,0
12_8_21,27-02-08,late,2k0j,R4,9:00,92,1637.6,68.2,42,33.1,32,10,0,0,0,0,0,0,0,0,0.762,0.238,0,0,0,0,0,0,0,1,0.238,0,0,0,0,0,0,0
12_8_21,27-02-65,early,0k0j,R4,9:00,92,1637.6,68.2,49,33.1,27,22,0,0,0,0,0,0,0,0,0.551,0.449,0,0,0,0,0,0,0,1,0.449,0,0,0,0,0,0,0
12_8_21,27-03-46,early,0k0j,R4,9:00,92,1637.6,68.2,32,33.1,5,27,0,0,0,0,0,0,0,0,0.156,0.844,0,0,0,0,0,0,0,1,0.844,0,0,0,0,0,0,0
12_8_21,27-03-28,early,0k0j,R4,9:00,92,1637.6,68.2,26,33.1,17,9,0,0,0,0,0,0,0,0,0.654,0.346,0,0,0,0,0,0,0,1,0.346,0,0,0,0,0,0,0
12_8_21,27-03-27,early,0k0j,R4,9:00,92,1637.6,68.2,26,33.1,24,2,0,0,0,0,0,0,0,0,0.923,0.077,0,0,0,0,0,0,0,1,0.077,0,0,0,0,0,0,0
12_8_21,27-03-25,early,0k0j,R4,9:00,92,1637.6,68.2,26,33.1,8,18,0,0,0,0,0,0,0,0,0.308,0.692,0,0,0,0,0,0,0,1,0.692,0,0,0,0,0,0,0
12_8_21,27-03-08,late,2k1j,R4,9:00,92,1637.6,68.2,39,33.1,38,1,0,0,0,0,0,0,0,0,0.974,0.026,0,0,0,0,0,0,0,1,0.026,0,0,0,0,0,0,0
12_8_21,27-04-12,late,2k1j,R4,9:00,92,1637.6,68.2,30,33.1,22,8,0,0,0,0,0,0,0,0,0.733,0.267,0,0,0,0,0,0,0,1,0.267,0,0,0,0,0,0,0
12_10_21,27-02-08,late,2k0j,R6,10:00,141,2509.8,104.6,42,33.1,31,11,0,0,0,0,0,0,0,0,0.738,0.262,0,0,0,0,0,0,0,1,0.262,0,0,0,0,0,0,0
12_10_21,27-02-65,early,0k0j,R6,10:00,141,2509.8,104.6,49,33.1,19,30,0,0,0,0,0,0,0,0,0.388,0.612,0,0,0,0,0,0,0,1,0.612,0,0,0,0,0,0,0
12_10_21,27-03-46,early,0k0j,R6,10:00,141,2509.8,104.6,32,33.1,4,28,0,0,0,0,0,0,0,0,0.125,0.875,0,0,0,0,0,0,0,1,0.875,0,0,0,0,0,0,0
12_10_21,27-03-28,early,0k0j,R6,10:00,141,2509.8,104.6,26,33.1,16,10,0,0,0,0,0,0,0,0,0.615,0.385,0,0,0,0,0,0,0,1,0.385,0,0,0,0,0,0,0
12_10_21,27-03-27,early,0k0j,R6,10:00,141,2509.8,104.6,26,33.1,23,3,0,0,0,0,0,0,0,0,0.885,0.115,0,0,0,0,0,0,0,1,0.115,0,0,0,0,0,0,0
12_10_21,27-03-25,early,0k0j,R6,10:00,141,2509.8,104.6,26,33.1,5,21,0,0,0,0,0,0,0,0,0.192,0.808,0,0,0,0,0,0,0,1,0.808,0,0,0,0,0,0,0
12_10_21,27-03-08,late,2k1j,R6,10:00,141,2509.8,104.6,39,33.1,35,4,0,0,0,0,0,0,0,0,0.897,0.103,0,0,0,0,0,0,0,1,0.103,0,0,0,0,0,0,0
12_10_21,27-04-12,late,2k1j,R6,10:00,141,2509.8,104.6,30,33.1,15,15,0,0,0,0,0,0,0,0,0.5,0.5,0,0,0,0,0,0,0,1,0.5,0,0,0,0,0,0,0
12_12_21,27-02-08,late,2k0j,R8,10:00,189,3364.2,140.2,42,33.1,30,12,0,0,0,0,0,0,0,0,0.714,0.286,0,0,0,0,0,0,0,1,0.286,0,0,0,0,0,0,0
12_12_21,27-02-65,early,0k0j,R8,10:00,189,3364.2,140.2,49,33.1,14,35,0,0,0,0,0,0,0,0,0.286,0.714,0,0,0,0,0,0,0,1,0.714,0,0,0,0,0,0,0
12_12_21,27-03-46,early,0k0j,R8,10:00,189,3364.2,140.2,32,33.1,4,28,0,0,0,0,0,0,0,0,0.125,0.875,0,0,0,0,0,0,0,1,0.875,0,0,0,0,0,0,0
12_12_21,27-03-28,early,0k0j,R8,10:00,189,3364.2,140.2,26,33.1,16,10,0,0,0,0,0,0,0,0,0.615,0.385,0,0,0,0,0,0,0,1,0.385,0,0,0,0,0,0,0
12_12_21,27-03-27,early,0k0j,R8,10:00,189,3364.2,140.2,26,33.1,22,4,0,0,0,0,0,0,0,0,0.846,0.154,0,0,0,0,0,0,0,1,0.154,0,0,0,0,0,0,0
12_12_21,27-03-25,early,0k0j,R8,10:00,189,3364.2,140.2,26,33.1,4,22,0,0,0,0,0,0,0,0,0.154,0.846,0,0,0,0,0,0,0,1,0.846,0,0,0,0,0,0,0
12_12_21,27-03-08,late,2k1j,R8,10:00,189,3364.2,140.2,39,33.1,37,2,0,0,0,0,0,0,0,0,0.949,0.051,0,0,0,0,0,0,0,1,0.051,0,0,0,0,0,0,0
12_12_21,27-04-12,late,2k1j,R8,10:00,189,3364.2,140.2,30,33.1,16,14,0,0,0,0,0,0,0,0,0.533,0.467,0,0,0,0,0,0,0,1,0.467,0,0,0,0,0,0,0
12_14_21,27-02-08,late,2k0j,R10,12:00,239,4254.2,177.3,42,33.1,29,13,0,0,0,0,0,0,0,0,0.69,0.31,0,0,0,0,0,0,0,1,0.31,0,0,0,0,0,0,0
12_14_21,27-02-65,early,0k0j,R10,12:00,239,4254.2,177.3,49,33.1,10,39,0,0,0,0,0,0,0,0,0.204,0.796,0,0,0,0,0,0,0,1,0.796,0,0,0,0,0,0,0
12_14_21,27-03-46,early,0k0j,R10,12:00,239,4254.2,177.3,32,33.1,1,31,0,0,0,0,0,0,0,0,0.031,0.969,0,0,0,0,0,0,0,1,0.969,0,0,0,0,0,0,0
12_14_21,27-03-28,early,0k0j,R10,12:00,239,4254.2,177.3,26,33.1,12,14,0,0,0,0,0,0,0,0,0.462,0.538,0,0,0,0,0,0,0,1,0.538,0,0,0,0,0,0,0
12_14_21,27-03-27,early,0k0j,R10,12:00,239,4254.2,177.3,26,33.1,17,9,0,0,0,0,0,0,0,0,0.654,0.346,0,0,0,0,0,0,0,1,0.346,0,0,0,0,0,0,0
12_14_21,27-03-25,early,0k0j,R10,12:00,239,4254.2,177.3,26,33.1,3,22,0,1,0,0,0,0,0,0,0.115,0.846,0,0.038,0,0,0,0,0,1,0.885,0.038,0.038,0,0,0,0,0
12_14_21,27-03-08,late,2k1j,R10,12:00,239,4254.2,177.3,39,33.1,35,4,0,0,0,0,0,0,0,0,0.897,0.103,0,0,0,0,0,0,0,1,0.103,0,0,0,0,0,0,0
12_14_21,27-04-12,late,2k1j,R10,12:00,239,4254.2,177.3,30,33.1,14,16,0,0,0,0,0,0,0,0,0.467,0.533,0,0,0,0,0,0,0,1,0.533,0,0,0,0,0,0,0
12_11_21,27-02-08,late,2k0j,R0,16:00,0,0,0,32,37.7,32,0,0,0,0,0,0,0,0,0,1,0,0,0,0,0,0,0,0,1,0,0,0,0,0,0,0,0
12_11_21,27-02-65,early,0k0j,R0,16:00,0,0,0,44,37.7,43,1,0,0,0,0,0,0,0,0,0.977,0.023,0,0,0,0,0,0,0,1,0.023,0,0,0,0,0,0,0
12_11_21,27-03-46,early,0k0j,R0,16:00,0,0,0,39,37.7,35,4,0,0,0,0,0,0,0,0,0.897,0.103,0,0,0,0,0,0,0,1,0.103,0,0,0,0,0,0,0
12_11_21,27-03-28,early,0k0j,R0,16:00,0,0,0,41,37.7,40,1,0,0,0,0,0,0,0,0,0.976,0.024,0,0,0,0,0,0,0,1,0.024,0,0,0,0,0,0,0
12_11_21,27-03-27,early,0k0j,R0,16:00,0,0,0,22,37.7,22,0,0,0,0,0,0,0,0,0,1,0,0,0,0,0,0,0,0,1,0,0,0,0,0,0,0,0
12_11_21,27-03-25,early,0k0j,R0,16:00,0,0,0,22,37.7,21,1,0,0,0,0,0,0,0,0,0.955,0.045,0,0,0,0,0,0,0,1,0.045,0,0,0,0,0,0,0
12_11_21,27-03-08,late,2k1j,R0,16:00,0,0,0,38,37.7,38,0,0,0,0,0,0,0,0,0,1,0,0,0,0,0,0,0,0,1,0,0,0,0,0,0,0,0
12_11_21,27-04-12,late,2k1j,R0,16:00,0,0,0,31,37.7,31,0,0,0,0,0,0,0,0,0,1,0,0,0,0,0,0,0,0,1,0,0,0,0,0,0,0,0
12_13_21,27-02-08,late,2k0j,R2,9:00,41,729.8,30.4,32,37.7,28,4,0,0,0,0,0,0,0,0,0.875,0.125,0,0,0,0,0,0,0,1,0.125,0,0,0,0,0,0,0
12_13_21,27-02-65,early,0k0j,R2,9:00,41,729.8,30.4,44,37.7,33,11,0,0,0,0,0,0,0,0,0.75,0.25,0,0,0,0,0,0,0,1,0.25,0,0,0,0,0,0,0
12_13_21,27-03-46,early,0k0j,R2,9:00,41,729.8,30.4,39,37.7,25,14,0,0,0,0,0,0,0,0,0.641,0.359,0,0,0,0,0,0,0,1,0.359,0,0,0,0,0,0,0
12_13_21,27-03-28,early,0k0j,R2,9:00,41,729.8,30.4,41,37.7,31,10,0,0,0,0,0,0,0,0,0.756,0.244,0,0,0,0,0,0,0,1,0.244,0,0,0,0,0,0,0
12_13_21,27-03-27,early,0k0j,R2,9:00,41,729.8,30.4,22,37.7,21,1,0,0,0,0,0,0,0,0,0.955,0.045,0,0,0,0,0,0,0,1,0.045,0,0,0,0,0,0,0
12_13_21,27-03-25,early,0k0j,R2,9:00,41,729.8,30.4,22,37.7,11,11,0,0,0,0,0,0,0,0,0.5,0.5,0,0,0,0,0,0,0,1,0.5,0,0,0,0,0,0,0
12_13_21,27-03-08,late,2k1j,R2,9:00,41,729.8,30.4,38,37.7,38,0,0,0,0,0,0,0,0,0,1,0,0,0,0,0,0,0,0,1,0,0,0,0,0,0,0,0
12_13_21,27-04-12,late,2k1j,R2,9:00,41,729.8,30.4,31,37.7,27,4,0,0,0,0,0,0,0,0,0.871,0.129,0,0,0,0,0,0,0,1,0.129,0,0,0,0,0,0,0
12_15_21,27-02-08,late,2k0j,R4,11:00,91,1619.8,67.5,32,37.7,27,5,0,0,0,0,0,0,0,0,0.844,0.156,0,0,0,0,0,0,0,1,0.156,0,0,0,0,0,0,0
12_15_21,27-02-65,early,0k0j,R4,11:00,91,1619.8,67.5,44,37.7,29,15,0,0,0,0,0,0,0,0,0.659,0.341,0,0,0,0,0,0,0,1,0.341,0,0,0,0,0,0,0
12_15_21,27-03-46,early,0k0j,R4,11:00,91,1619.8,67.5,39,37.7,18,21,0,0,0,0,0,0,0,0,0.462,0.538,0,0,0,0,0,0,0,1,0.538,0,0,0,0,0,0,0
12_15_21,27-03-28,early,0k0j,R4,11:00,91,1619.8,67.5,41,37.7,26,15,0,0,0,0,0,0,0,0,0.634,0.366,0,0,0,0,0,0,0,1,0.366,0,0,0,0,0,0,0
12_15_21,27-03-27,early,0k0j,R4,11:00,91,1619.8,67.5,22,37.7,15,7,0,0,0,0,0,0,0,0,0.682,0.318,0,0,0,0,0,0,0,1,0.318,0,0,0,0,0,0,0
12_15_21,27-03-25,early,0k0j,R4,11:00,91,1619.8,67.5,22,37.7,7,15,0,0,0,0,0,0,0,0,0.318,0.682,0,0,0,0,0,0,0,1,0.682,0,0,0,0,0,0,0
12_15_21,27-03-08,late,2k1j,R4,11:00,91,1619.8,67.5,38,37.7,38,0,0,0,0,0,0,0,0,0,1,0,0,0,0,0,0,0,0,1,0,0,0,0,0,0,0,0
12_15_21,27-04-12,late,2k1j,R4,11:00,91,1619.8,67.5,31,37.7,26,5,0,0,0,0,0,0,0,0,0.839,0.161,0,0,0,0,0,0,0,1,0.161,0,0,0,0,0,0,0
12_17_21,27-02-08,late,2k0j,R6,9:00,137,2438.6,101.6,32,37.7,27,5,0,0,0,0,0,0,0,0,0.844,0.156,0,0,0,0,0,0,0,1,0.156,0,0,0,0,0,0,0
12_17_21,27-02-65,early,0k0j,R6,9:00,137,2438.6,101.6,44,37.7,22,22,0,0,0,0,0,0,0,0,0.5,0.5,0,0,0,0,0,0,0,1,0.5,0,0,0,0,0,0,0
12_17_21,27-03-46,early,0k0j,R6,9:00,137,2438.6,101.6,39,37.7,21,18,0,0,0,0,0,0,0,0,0.538,0.462,0,0,0,0,0,0,0,1,0.462,0,0,0,0,0,0,0
12_17_21,27-03-28,early,0k0j,R6,9:00,137,2438.6,101.6,41,37.7,20,21,0,0,0,0,0,0,0,0,0.488,0.512,0,0,0,0,0,0,0,1,0.512,0,0,0,0,0,0,0
12_17_21,27-03-27,early,0k0j,R6,9:00,137,2438.6,101.6,22,37.7,12,10,0,0,0,0,0,0,0,0,0.545,0.455,0,0,0,0,0,0,0,1,0.455,0,0,0,0,0,0,0
12_17_21,27-03-25,early,0k0j,R6,9:00,137,2438.6,101.6,22,37.7,4,18,0,0,0,0,0,0,0,0,0.182,0.818,0,0,0,0,0,0,0,1,0.818,0,0,0,0,0,0,0
12_17_21,27-03-08,late,2k1j,R6,9:00,137,2438.6,101.6,38,37.7,38,0,0,0,0,0,0,0,0,0,1,0,0,0,0,0,0,0,0,1,0,0,0,0,0,0,0,0
12_17_21,27-04-12,late,2k1j,R6,9:00,137,2438.6,101.6,31,37.7,23,8,0,0,0,0,0,0,0,0,0.742,0.258,0,0,0,0,0,0,0,1,0.258,0,0,0,0,0,0,0
12_19_21,27-02-08,late,2k0j,R8,1:00,189,3364.2,140.2,32,37.7,26,6,0,0,0,0,0,0,0,0,0.813,0.188,0,0,0,0,0,0,0,1,0.188,0,0,0,0,0,0,0
12_19_21,27-02-65,early,0k0j,R8,1:00,189,3364.2,140.2,44,37.7,19,25,0,0,0,0,0,0,0,0,0.432,0.568,0,0,0,0,0,0,0,1,0.568,0,0,0,0,0,0,0
12_19_21,27-03-46,early,0k0j,R8,1:00,189,3364.2,140.2,39,37.7,15,24,0,0,0,0,0,0,0,0,0.385,0.615,0,0,0,0,0,0,0,1,0.615,0,0,0,0,0,0,0
12_19_21,27-03-28,early,0k0j,R8,1:00,189,3364.2,140.2,41,37.7,18,23,0,0,0,0,0,0,0,0,0.439,0.561,0,0,0,0,0,0,0,1,0.561,0,0,0,0,0,0,0
12_19_21,27-03-27,early,0k0j,R8,1:00,189,3364.2,140.2,22,37.7,12,10,0,0,0,0,0,0,0,0,0.545,0.455,0,0,0,0,0,0,0,1,0.455,0,0,0,0,0,0,0
12_19_21,27-03-25,early,0k0j,R8,1:00,189,3364.2,140.2,22,37.7,3,16,3,0,0,0,0,0,0,0,0.136,0.727,0.136,0,0,0,0,0,0,1,0.864,0.136,0,0,0,0,0,0
12_19_21,27-03-08,late,2k1j,R8,1:00,189,3364.2,140.2,38,37.7,38,0,0,0,0,0,0,0,0,0,1,0,0,0,0,0,0,0,0,1,0,0,0,0,0,0,0,0
12_19_21,27-04-12,late,2k1j,R8,1:00,189,3364.2,140.2,31,37.7,21,10,0,0,0,0,0,0,0,0,0.677,0.323,0,0,0,0,0,0,0,1,0.323,0,0,0,0,0,0,0
12_29_21,27-02-08,late,2k0j,R0,15:00,0,0,0,33,46.3,33,0,0,0,0,0,0,0,0,0,1,0,0,0,0,0,0,0,0,1,0,0,0,0,0,0,0,0
12_29_21,27-02-65,early,0k0j,R0,15:00,0,0,0,29,46.3,29,0,0,0,0,0,0,0,0,0,1,0,0,0,0,0,0,0,0,1,0,0,0,0,0,0,0,0
12_29_21,27-03-46,early,0k0j,R0,15:00,0,0,0,32,46.3,32,0,0,0,0,0,0,0,0,0,1,0,0,0,0,0,0,0,0,1,0,0,0,0,0,0,0,0
12_29_21,27-03-28,early,0k0j,R0,15:00,0,0,0,27,46.3,27,0,0,0,0,0,0,0,0,0,1,0,0,0,0,0,0,0,0,1,0,0,0,0,0,0,0,0
12_29_21,27-03-27,early,0k0j,R0,15:00,0,0,0,30,46.3,30,0,0,0,0,0,0,0,0,0,1,0,0,0,0,0,0,0,0,1,0,0,0,0,0,0,0,0
12_29_21,27-03-25,early,0k0j,R0,15:00,0,0,0,32,46.3,32,0,0,0,0,0,0,0,0,0,1,0,0,0,0,0,0,0,0,1,0,0,0,0,0,0,0,0
12_29_21,27-03-08,late,2k1j,R0,15:00,0,0,0,34,46.3,34,0,0,0,0,0,0,0,0,0,1,0,0,0,0,0,0,0,0,1,0,0,0,0,0,0,0,0
12_29_21,27-04-12,late,2k1j,R0,15:00,0,0,0,40,46.3,40,0,0,0,0,0,0,0,0,0,1,0,0,0,0,0,0,0,0,1,0,0,0,0,0,0,0,0
12_29_21,27-04-40,late,2k0j,R0,15:00,0,0,0,24,46.3,24,0,0,0,0,0,0,0,0,0,1,0,0,0,0,0,0,0,0,1,0,0,0,0,0,0,0,0
12_29_21,27-02-51,early,0k1j,R0,15:00,0,0,0,33,46.3,33,0,0,0,0,0,0,0,0,0,1,0,0,0,0,0,0,0,0,1,0,0,0,0,0,0,0,0
12_29_21,27-03-24,early,0k1j,R0,15:00,0,0,0,36,46.3,20,16,0,0,0,0,0,0,0,0,0.556,0.444,0,0,0,0,0,0,0,1,0.444,0,0,0,0,0,0,0
12_31_21,27-02-08,late,2k0j,R2,11:00,44.2,787.6,32.8,33,46.3,28,5,0,0,0,0,0,0,0,0,0.848,0.152,0,0,0,0,0,0,0,1,0.152,0,0,0,0,0,0,0
12_31_21,27-02-65,early,0k0j,R2,11:00,44.2,787.6,32.8,29,46.3,29,0,0,0,0,0,0,0,0,0,1,0,0,0,0,0,0,0,0,1,0,0,0,0,0,0,0,0
12_31_21,27-03-46,early,0k0j,R2,11:00,44.2,787.6,32.8,32,46.3,23,9,0,0,0,0,0,0,0,0,0.719,0.281,0,0,0,0,0,0,0,1,0.281,0,0,0,0,0,0,0
12_31_21,27-03-28,early,0k0j,R2,11:00,44.2,787.6,32.8,27,46.3,25,2,0,0,0,0,0,0,0,0,0.926,0.074,0,0,0,0,0,0,0,1,0.074,0,0,0,0,0,0,0
12_31_21,27-03-27,early,0k0j,R2,11:00,44.2,787.6,32.8,30,46.3,25,5,0,0,0,0,0,0,0,0,0.833,0.167,0,0,0,0,0,0,0,1,0.167,0,0,0,0,0,0,0
12_31_21,27-03-25,early,0k0j,R2,11:00,44.2,787.6,32.8,32,46.3,22,10,0,0,0,0,0,0,0,0,0.688,0.313,0,0,0,0,0,0,0,1,0.313,0,0,0,0,0,0,0
12_31_21,27-03-08,late,2k1j,R2,11:00,44.2,787.6,32.8,34,46.3,34,0,0,0,0,0,0,0,0,0,1,0,0,0,0,0,0,0,0,1,0,0,0,0,0,0,0,0
12_31_21,27-04-12,late,2k1j,R2,11:00,44.2,787.6,32.8,40,46.3,40,0,0,0,0,0,0,0,0,0,1,0,0,0,0,0,0,0,0,1,0,0,0,0,0,0,0,0
12_31_21,27-04-40,late,2k0j,R2,11:00,44.2,787.6,32.8,24,46.3,24,0,0,0,0,0,0,0,0,0,1,0,0,0,0,0,0,0,0,1,0,0,0,0,0,0,0,0
12_31_21,27-02-51,early,0k1j,R2,11:00,44.2,787.6,32.8,33,46.3,33,0,0,0,0,0,0,0,0,0,1,0,0,0,0,0,0,0,0,1,0,0,0,0,0,0,0,0
12_31_21,27-03-24,early,0k1j,R2,11:00,44.2,787.6,32.8,36,46.3,0,36,0,0,0,0,0,0,0,0,0,1,0,0,0,0,0,0,0,1,1,0,0,0,0,0,0,0
1_2_22,27-02-08,late,2k0j,R4,10:00,91.5,1628.9,67.9,33,46.3,24,9,0,0,0,0,0,0,0,0,0.727,0.273,0,0,0,0,0,0,0,1,0.273,0,0,0,0,0,0,0
1_2_22,27-02-65,early,0k0j,R4,10:00,91.5,1628.9,67.9,29,46.3,24,5,0,0,0,0,0,0,0,0,0.828,0.172,0,0,0,0,0,0,0,1,0.172,0,0,0,0,0,0,0
1_2_22,27-03-46,early,0k0j,R4,10:00,91.5,1628.9,67.9,32,46.3,22,10,0,0,0,0,0,0,0,0,0.688,0.313,0,0,0,0,0,0,0,1,0.313,0,0,0,0,0,0,0
1_2_22,27-03-28,early,0k0j,R4,10:00,91.5,1628.9,67.9,27,46.3,19,8,0,0,0,0,0,0,0,0,0.704,0.296,0,0,0,0,0,0,0,1,0.296,0,0,0,0,0,0,0
1_2_22,27-03-27,early,0k0j,R4,10:00,91.5,1628.9,67.9,30,46.3,24,6,0,0,0,0,0,0,0,0,0.8,0.2,0,0,0,0,0,0,0,1,0.2,0,0,0,0,0,0,0
1_2_22,27-03-25,early,0k0j,R4,10:00,91.5,1628.9,67.9,32,46.3,17,15,0,0,0,0,0,0,0,0,0.531,0.469,0,0,0,0,0,0,0,1,0.469,0,0,0,0,0,0,0
1_2_22,27-03-08,late,2k1j,R4,10:00,91.5,1628.9,67.9,34,46.3,34,0,0,0,0,0,0,0,0,0,1,0,0,0,0,0,0,0,0,1,0,0,0,0,0,0,0,0
1_2_22,27-04-12,late,2k1j,R4,10:00,91.5,1628.9,67.9,40,46.3,40,0,0,0,0,0,0,0,0,0,1,0,0,0,0,0,0,0,0,1,0,0,0,0,0,0,0,0
1_2_22,27-04-40,late,2k0j,R4,10:00,91.5,1628.9,67.9,24,46.3,21,3,0,0,0,0,0,0,0,0,0.875,0.125,0,0,0,0,0,0,0,1,0.125,0,0,0,0,0,0,0
1_2_22,27-02-51,early,0k1j,R4,10:00,91.5,1628.9,67.9,33,46.3,33,0,0,0,0,0,0,0,0,0,1,0,0,0,0,0,0,0,0,1,0,0,0,0,0,0,0,0
1_2_22,27-03-24,early,0k1j,R4,10:00,91.5,1628.9,67.9,36,46.3,0,36,0,0,0,0,0,0,0,0,0,1,0,0,0,0,0,0,0,1,1,0,0,0,0,0,0,0
1_4_22,27-02-08,late,2k0j,R6,9:00,138.8,2470.2,102.9,33,46.3,24,9,0,0,0,0,0,0,0,0,0.727,0.273,0,0,0,0,0,0,0,1,0.273,0,0,0,0,0,0,0
1_4_22,27-02-65,early,0k0j,R6,9:00,138.8,2470.2,102.9,29,46.3,19,10,0,0,0,0,0,0,0,0,0.655,0.345,0,0,0,0,0,0,0,1,0.345,0,0,0,0,0,0,0
1_4_22,27-03-46,early,0k0j,R6,9:00,138.8,2470.2,102.9,32,46.3,18,14,0,0,0,0,0,0,0,0,0.563,0.438,0,0,0,0,0,0,0,1,0.438,0,0,0,0,0,0,0
1_4_22,27-03-28,early,0k0j,R6,9:00,138.8,2470.2,102.9,27,46.3,12,15,0,0,0,0,0,0,0,0,0.444,0.556,0,0,0,0,0,0,0,1,0.556,0,0,0,0,0,0,0
1_4_22,27-03-27,early,0k0j,R6,9:00,138.8,2470.2,102.9,30,46.3,22,8,0,0,0,0,0,0,0,0,0.733,0.267,0,0,0,0,0,0,0,1,0.267,0,0,0,0,0,0,0
1_4_22,27-03-25,early,0k0j,R6,9:00,138.8,2470.2,102.9,32,46.3,10,22,0,0,0,0,0,0,0,0,0.313,0.688,0,0,0,0,0,0,0,1,0.688,0,0,0,0,0,0,0
1_4_22,27-03-08,late,2k1j,R6,9:00,138.8,2470.2,102.9,34,46.3,34,0,0,0,0,0,0,0,0,0,1,0,0,0,0,0,0,0,0,1,0,0,0,0,0,0,0,0
1_4_22,27-04-12,late,2k1j,R6,9:00,138.8,2470.2,102.9,40,46.3,35,5,0,0,0,0,0,0,0,0,0.875,0.125,0,0,0,0,0,0,0,1,0.125,0,0,0,0,0,0,0
1_4_22,27-04-40,late,2k0j,R6,9:00,138.8,2470.2,102.9,24,46.3,16,8,0,0,0,0,0,0,0,0,0.667,0.333,0,0,0,0,0,0,0,1,0.333,0,0,0,0,0,0,0
1_4_22,27-02-51,early,0k1j,R6,9:00,138.8,2470.2,102.9,33,46.3,33,0,0,0,0,0,0,0,0,0,1,0,0,0,0,0,0,0,0,1,0,0,0,0,0,0,0,0
1_4_22,27-03-24,early,0k1j,R6,9:00,138.8,2470.2,102.9,36,46.3,0,36,0,0,0,0,0,0,0,0,0,1,0,0,0,0,0,0,0,1,1,0,0,0,0,0,0,0
1_6_22,27-02-08,late,2k0j,R8,9:00,187,3329.4,138.7,33,46.3,19,14,0,0,0,0,0,0,0,0,0.576,0.424,0,0,0,0,0,0,0,1,0.424,0,0,0,0,0,0,0
1_6_22,27-02-65,early,0k0j,R8,9:00,187,3329.4,138.7,29,46.3,15,14,0,0,0,0,0,0,0,0,0.517,0.483,0,0,0,0,0,0,0,1,0.483,0,0,0,0,0,0,0
1_6_22,27-03-46,early,0k0j,R8,9:00,187,3329.4,138.7,32,46.3,11,21,0,0,0,0,0,0,0,0,0.344,0.656,0,0,0,0,0,0,0,1,0.656,0,0,0,0,0,0,0
1_6_22,27-03-28,early,0k0j,R8,9:00,187,3329.4,138.7,27,46.3,6,21,0,0,0,0,0,0,0,0,0.222,0.778,0,0,0,0,0,0,0,1,0.778,0,0,0,0,0,0,0
1_6_22,27-03-27,early,0k0j,R8,9:00,187,3329.4,138.7,30,46.3,17,13,0,0,0,0,0,0,0,0,0.567,0.433,0,0,0,0,0,0,0,1,0.433,0,0,0,0,0,0,0
1_6_22,27-03-25,early,0k0j,R8,9:00,187,3329.4,138.7,32,46.3,3,20,5,4,0,0,0,0,0,0,0.094,0.625,0.156,0.125,0,0,0,0,0,1,0.906,0.281,0.125,0,0,0,0,0
1_6_22,27-03-08,late,2k1j,R8,9:00,187,3329.4,138.7,34,46.3,32,2,0,0,0,0,0,0,0,0,0.941,0.059,0,0,0,0,0,0,0,1,0.059,0,0,0,0,0,0,0
1_6_22,27-04-12,late,2k1j,R8,9:00,187,3329.4,138.7,40,46.3,32,8,0,0,0,0,0,0,0,0,0.8,0.2,0,0,0,0,0,0,0,1,0.2,0,0,0,0,0,0,0
1_6_22,27-04-40,late,2k0j,R8,9:00,187,3329.4,138.7,24,46.3,9,15,0,0,0,0,0,0,0,0,0.375,0.625,0,0,0,0,0,0,0,1,0.625,0,0,0,0,0,0,0
1_6_22,27-02-51,early,0k1j,R8,9:00,187,3329.4,138.7,33,46.3,33,0,0,0,0,0,0,0,0,0,1,0,0,0,0,0,0,0,0,1,0,0,0,0,0,0,0,0
1_6_22,27-03-24,early,0k1j,R8,9:00,187,3329.4,138.7,36,46.3,0,31,5,0,0,0,0,0,0,0,0,0.861,0.139,0,0,0,0,0,0,1,1,0.139,0,0,0,0,0,0
1_8_22,27-02-08,late,2k0j,R10,11:00,237.3,4224.4,176,33,46.3,12,18,3,0,0,0,0,0,0,0,0.364,0.545,0.091,0,0,0,0,0,0,1,0.636,0.091,0,0,0,0,0,0
1_8_22,27-02-65,early,0k0j,R10,11:00,237.3,4224.4,176,29,46.3,13,16,0,0,0,0,0,0,0,0,0.448,0.552,0,0,0,0,0,0,0,1,0.552,0,0,0,0,0,0,0
1_8_22,27-03-46,early,0k0j,R10,11:00,237.3,4224.4,176,32,46.3,2,22,8,0,0,0,0,0,0,0,0.063,0.688,0.25,0,0,0,0,0,0,1,0.938,0.25,0,0,0,0,0,0
1_8_22,27-03-28,early,0k0j,R10,11:00,237.3,4224.4,176,27,46.3,2,15,10,0,0,0,0,0,0,0,0.074,0.556,0.37,0,0,0,0,0,0,1,0.926,0.37,0,0,0,0,0,0
1_8_22,27-03-27,early,0k0j,R10,11:00,237.3,4224.4,176,30,46.3,7,23,0,0,0,0,0,0,0,0,0.233,0.767,0,0,0,0,0,0,0,1,0.767,0,0,0,0,0,0,0
1_8_22,27-03-25,early,0k0j,R10,11:00,237.3,4224.4,176,32,46.3,0,3,14,13,2,0,0,0,0,0,0,0.094,0.438,0.406,0.063,0,0,0,0,1,1,0.906,0.469,0.063,0,0,0,0
1_8_22,27-03-08,late,2k1j,R10,11:00,237.3,4224.4,176,34,46.3,32,2,0,0,0,0,0,0,0,0,0.941,0.059,0,0,0,0,0,0,0,1,0.059,0,0,0,0,0,0,0
1_8_22,27-04-12,late,2k1j,R10,11:00,237.3,4224.4,176,40,46.3,31,9,0,0,0,0,0,0,0,0,0.775,0.225,0,0,0,0,0,0,0,1,0.225,0,0,0,0,0,0,0
1_8_22,27-04-40,late,2k0j,R10,11:00,237.3,4224.4,176,24,46.3,2,13,7,2,0,0,0,0,0,0,0.083,0.542,0.292,0.083,0,0,0,0,0,1,0.917,0.375,0.083,0,0,0,0,0
1_8_22,27-02-51,early,0k1j,R10,11:00,237.3,4224.4,176,33,46.3,33,0,0,0,0,0,0,0,0,0,1,0,0,0,0,0,0,0,0,1,0,0,0,0,0,0,0,0
1_8_22,27-03-24,early,0k1j,R10,11:00,237.3,4224.4,176,36,46.3,0,18,14,4,0,0,0,0,0,0,0,0.5,0.389,0.111,0,0,0,0,0,1,1,0.5,0.111,0,0,0,0,0
1_10_22,27-02-08,late,2k0j,R12,9:00,283.6,5047.8,210.3,33,46.3,8,13,11,1,0,0,0,0,0,0,0.242,0.394,0.333,0.03,0,0,0,0,0,1,0.758,0.364,0.03,0,0,0,0,0
1_10_22,27-02-65,early,0k0j,R12,9:00,283.6,5047.8,210.3,29,46.3,13,14,2,0,0,0,0,0,0,0,0.448,0.483,0.069,0,0,0,0,0,0,1,0.552,0.069,0,0,0,0,0,0
1_10_22,27-03-46,early,0k0j,R12,9:00,283.6,5047.8,210.3,32,46.3,0,10,16,6,0,0,0,0,0,0,0,0.313,0.5,0.188,0,0,0,0,0,1,1,0.688,0.188,0,0,0,0,0
1_10_22,27-03-28,early,0k0j,R12,9:00,283.6,5047.8,210.3,27,46.3,1,2,11,13,0,0,0,0,0,0,0.037,0.074,0.407,0.481,0,0,0,0,0,1,0.963,0.889,0.481,0,0,0,0,0
1_10_22,27-03-27,early,0k0j,R12,9:00,283.6,5047.8,210.3,30,46.3,4,10,10,6,0,0,0,0,0,0,0.133,0.333,0.333,0.2,0,0,0,0,0,1,0.867,0.533,0.2,0,0,0,0,0
1_10_22,27-03-25,early,0k0j,R12,9:00,283.6,5047.8,210.3,32,46.3,0,1,5,21,5,0,0,0,0,0,0,0.031,0.156,0.656,0.156,0,0,0,0,1,1,0.969,0.813,0.156,0,0,0,0
1_10_22,27-03-08,late,2k1j,R12,9:00,283.6,5047.8,210.3,34,46.3,32,2,0,0,0,0,0,0,0,0,0.941,0.059,0,0,0,0,0,0,0,1,0.059,0,0,0,0,0,0,0
1_10_22,27-04-12,late,2k1j,R12,9:00,283.6,5047.8,210.3,40,46.3,26,14,0,0,0,0,0,0,0,0,0.65,0.35,0,0,0,0,0,0,0,1,0.35,0,0,0,0,0,0,0
1_10_22,27-04-40,late,2k0j,R12,9:00,283.6,5047.8,210.3,24,46.3,1,4,13,6,0,0,0,0,0,0,0.042,0.167,0.542,0.25,0,0,0,0,0,1,0.958,0.792,0.25,0,0,0,0,0
1_10_22,27-02-51,early,0k1j,R12,9:00,283.6,5047.8,210.3,33,46.3,24,9,0,0,0,0,0,0,0,0,0.727,0.273,0,0,0,0,0,0,0,1,0.273,0,0,0,0,0,0,0
1_10_22,27-03-24,early,0k1j,R12,9:00,283.6,5047.8,210.3,36,46.3,0,14,6,11,5,0,0,0,0,0,0,0.389,0.167,0.306,0.139,0,0,0,0,1,1,0.611,0.444,0.139,0,0,0,0
1_13_22,27-02-08,late,2k0j,R0,16:00,0,0,0,41,50,41,0,0,0,0,0,0,0,0,0,1,0,0,0,0,0,0,0,0,1,0,0,0,0,0,0,0,0
1_13_22,27-02-65,early,0k0j,R0,16:00,0,0,0,31,50,31,0,0,0,0,0,0,0,0,0,1,0,0,0,0,0,0,0,0,1,0,0,0,0,0,0,0,0
1_13_22,27-03-46,early,0k0j,R0,16:00,0,0,0,30,50,29,1,0,0,0,0,0,0,0,0,0.967,0.033,0,0,0,0,0,0,0,1,0.033,0,0,0,0,0,0,0
1_13_22,27-03-28,early,0k0j,R0,16:00,0,0,0,27,50,27,0,0,0,0,0,0,0,0,0,1,0,0,0,0,0,0,0,0,1,0,0,0,0,0,0,0,0
1_13_22,27-03-27,early,0k0j,R0,16:00,0,0,0,34,50,34,0,0,0,0,0,0,0,0,0,1,0,0,0,0,0,0,0,0,1,0,0,0,0,0,0,0,0
1_13_22,27-03-25,early,0k0j,R0,16:00,0,0,0,26,50,26,0,0,0,0,0,0,0,0,0,1,0,0,0,0,0,0,0,0,1,0,0,0,0,0,0,0,0
1_13_22,27-03-08,late,2k1j,R0,16:00,0,0,0,33,50,33,0,0,0,0,0,0,0,0,0,1,0,0,0,0,0,0,0,0,1,0,0,0,0,0,0,0,0
1_13_22,27-04-12,late,2k1j,R0,16:00,0,0,0,24,50,24,0,0,0,0,0,0,0,0,0,1,0,0,0,0,0,0,0,0,1,0,0,0,0,0,0,0,0
1_13_22,27-04-40,late,2k0j,R0,16:00,0,0,0,24,50,24,0,0,0,0,0,0,0,0,0,1,0,0,0,0,0,0,0,0,1,0,0,0,0,0,0,0,0
1_13_22,27-02-51,early,0k1j,R0,16:00,0,0,0,34,50,34,0,0,0,0,0,0,0,0,0,1,0,0,0,0,0,0,0,0,1,0,0,0,0,0,0,0,0
1_13_22,27-03-24,early,0k1j,R0,16:00,0,0,0,24,50,16,8,0,0,0,0,0,0,0,0,0.667,0.333,0,0,0,0,0,0,0,1,0.333,0,0,0,0,0,0,0
1_15_22,27-02-08,late,2k0j,R2,10:00,42.2,751.8,31.3,41,50,35,6,0,0,0,0,0,0,0,0,0.854,0.146,0,0,0,0,0,0,0,1,0.146,0,0,0,0,0,0,0
1_15_22,27-02-65,early,0k0j,R2,10:00,42.2,751.8,31.3,31,50,26,5,0,0,0,0,0,0,0,0,0.839,0.161,0,0,0,0,0,0,0,1,0.161,0,0,0,0,0,0,0
1_15_22,27-03-46,early,0k0j,R2,10:00,42.2,751.8,31.3,30,50,22,8,0,0,0,0,0,0,0,0,0.733,0.267,0,0,0,0,0,0,0,1,0.267,0,0,0,0,0,0,0
1_15_22,27-03-28,early,0k0j,R2,10:00,42.2,751.8,31.3,27,50,25,2,0,0,0,0,0,0,0,0,0.926,0.074,0,0,0,0,0,0,0,1,0.074,0,0,0,0,0,0,0
1_15_22,27-03-27,early,0k0j,R2,10:00,42.2,751.8,31.3,34,50,34,0,0,0,0,0,0,0,0,0,1,0,0,0,0,0,0,0,0,1,0,0,0,0,0,0,0,0
1_15_22,27-03-25,early,0k0j,R2,10:00,42.2,751.8,31.3,26,50,20,6,0,0,0,0,0,0,0,0,0.769,0.231,0,0,0,0,0,0,0,1,0.231,0,0,0,0,0,0,0
1_15_22,27-03-08,late,2k1j,R2,10:00,42.2,751.8,31.3,33,50,33,0,0,0,0,0,0,0,0,0,1,0,0,0,0,0,0,0,0,1,0,0,0,0,0,0,0,0
1_15_22,27-04-12,late,2k1j,R2,10:00,42.2,751.8,31.3,24,50,23,1,0,0,0,0,0,0,0,0,0.958,0.042,0,0,0,0,0,0,0,1,0.042,0,0,0,0,0,0,0
1_15_22,27-04-40,late,2k0j,R2,10:00,42.2,751.8,31.3,24,50,20,4,0,0,0,0,0,0,0,0,0.833,0.167,0,0,0,0,0,0,0,1,0.167,0,0,0,0,0,0,0
1_15_22,27-02-51,early,0k1j,R2,10:00,42.2,751.8,31.3,34,50,34,0,0,0,0,0,0,0,0,0,1,0,0,0,0,0,0,0,0,1,0,0,0,0,0,0,0,0
1_15_22,27-03-24,early,0k1j,R2,10:00,42.2,751.8,31.3,24,50,2,22,0,0,0,0,0,0,0,0,0.083,0.917,0,0,0,0,0,0,0,1,0.917,0,0,0,0,0,0,0
1_17_22,27-02-08,late,2k0j,R4,10:00,90.5,1611,67.1,41,50,35,6,0,0,0,0,0,0,0,0,0.854,0.146,0,0,0,0,0,0,0,1,0.146,0,0,0,0,0,0,0
1_17_22,27-02-65,early,0k0j,R4,10:00,90.5,1611,67.1,31,50,21,10,0,0,0,0,0,0,0,0,0.677,0.323,0,0,0,0,0,0,0,1,0.323,0,0,0,0,0,0,0
1_17_22,27-03-46,early,0k0j,R4,10:00,90.5,1611,67.1,30,50,20,10,0,0,0,0,0,0,0,0,0.667,0.333,0,0,0,0,0,0,0,1,0.333,0,0,0,0,0,0,0
1_17_22,27-03-28,early,0k0j,R4,10:00,90.5,1611,67.1,27,50,24,3,0,0,0,0,0,0,0,0,0.889,0.111,0,0,0,0,0,0,0,1,0.111,0,0,0,0,0,0,0
1_17_22,27-03-27,early,0k0j,R4,10:00,90.5,1611,67.1,34,50,34,0,0,0,0,0,0,0,0,0,1,0,0,0,0,0,0,0,0,1,0,0,0,0,0,0,0,0
1_17_22,27-03-25,early,0k0j,R4,10:00,90.5,1611,67.1,26,50,10,16,0,0,0,0,0,0,0,0,0.385,0.615,0,0,0,0,0,0,0,1,0.615,0,0,0,0,0,0,0
1_17_22,27-03-08,late,2k1j,R4,10:00,90.5,1611,67.1,33,50,33,0,0,0,0,0,0,0,0,0,1,0,0,0,0,0,0,0,0,1,0,0,0,0,0,0,0,0
1_17_22,27-04-12,late,2k1j,R4,10:00,90.5,1611,67.1,24,50,23,1,0,0,0,0,0,0,0,0,0.958,0.042,0,0,0,0,0,0,0,1,0.042,0,0,0,0,0,0,0
1_17_22,27-04-40,late,2k0j,R4,10:00,90.5,1611,67.1,24,50,19,5,0,0,0,0,0,0,0,0,0.792,0.208,0,0,0,0,0,0,0,1,0.208,0,0,0,0,0,0,0
1_17_22,27-02-51,early,0k1j,R4,10:00,90.5,1611,67.1,34,50,34,0,0,0,0,0,0,0,0,0,1,0,0,0,0,0,0,0,0,1,0,0,0,0,0,0,0,0
1_17_22,27-03-24,early,0k1j,R4,10:00,90.5,1611,67.1,24,50,1,23,0,0,0,0,0,0,0,0,0.042,0.958,0,0,0,0,0,0,0,1,0.958,0,0,0,0,0,0,0
1_19_22,27-02-08,late,2k0j,R6,11:00,139.8,2488.1,103.7,41,50,27,14,0,0,0,0,0,0,0,0,0.659,0.341,0,0,0,0,0,0,0,1,0.341,0,0,0,0,0,0,0
1_19_22,27-02-65,early,0k0j,R6,11:00,139.8,2488.1,103.7,31,50,13,18,0,0,0,0,0,0,0,0,0.419,0.581,0,0,0,0,0,0,0,1,0.581,0,0,0,0,0,0,0
1_19_22,27-03-46,early,0k0j,R6,11:00,139.8,2488.1,103.7,30,50,16,14,0,0,0,0,0,0,0,0,0.533,0.467,0,0,0,0,0,0,0,1,0.467,0,0,0,0,0,0,0
1_19_22,27-03-28,early,0k0j,R6,11:00,139.8,2488.1,103.7,27,50,6,20,1,0,0,0,0,0,0,0,0.222,0.741,0.037,0,0,0,0,0,0,1,0.778,0.037,0,0,0,0,0,0
1_19_22,27-03-27,early,0k0j,R6,11:00,139.8,2488.1,103.7,34,50,29,5,0,0,0,0,0,0,0,0,0.853,0.147,0,0,0,0,0,0,0,1,0.147,0,0,0,0,0,0,0
1_19_22,27-03-25,early,0k0j,R6,11:00,139.8,2488.1,103.7,26,50,0,14,10,2,0,0,0,0,0,0,0,0.538,0.385,0.077,0,0,0,0,0,1,1,0.462,0.077,0,0,0,0,0
1_19_22,27-03-08,late,2k1j,R6,11:00,139.8,2488.1,103.7,33,50,32,1,0,0,0,0,0,0,0,0,0.97,0.03,0,0,0,0,0,0,0,1,0.03,0,0,0,0,0,0,0
1_19_22,27-04-12,late,2k1j,R6,11:00,139.8,2488.1,103.7,24,50,22,2,0,0,0,0,0,0,0,0,0.917,0.083,0,0,0,0,0,0,0,1,0.083,0,0,0,0,0,0,0
1_19_22,27-04-40,late,2k0j,R6,11:00,139.8,2488.1,103.7,24,50,6,18,0,0,0,0,0,0,0,0,0.25,0.75,0,0,0,0,0,0,0,1,0.75,0,0,0,0,0,0,0
1_19_22,27-02-51,early,0k1j,R6,11:00,139.8,2488.1,103.7,34,50,34,0,0,0,0,0,0,0,0,0,1,0,0,0,0,0,0,0,0,1,0,0,0,0,0,0,0,0
1_19_22,27-03-24,early,0k1j,R6,11:00,139.8,2488.1,103.7,24,50,1,23,0,0,0,0,0,0,0,0,0.042,0.958,0,0,0,0,0,0,0,1,0.958,0,0,0,0,0,0,0
1_21_22,27-02-08,late,2k0j,R8,9:00,186,3311.5,138,41,50,13,27,1,0,0,0,0,0,0,0,0.317,0.659,0.024,0,0,0,0,0,0,1,0.683,0.024,0,0,0,0,0,0
1_21_22,27-02-65,early,0k0j,R8,9:00,186,3311.5,138,31,50,4,27,0,0,0,0,0,0,0,0,0.129,0.871,0,0,0,0,0,0,0,1,0.871,0,0,0,0,0,0,0
1_21_22,27-03-46,early,0k0j,R8,9:00,186,3311.5,138,30,50,6,20,4,0,0,0,0,0,0,0,0.2,0.667,0.133,0,0,0,0,0,0,1,0.8,0.133,0,0,0,0,0,0
1_21_22,27-03-28,early,0k0j,R8,9:00,186,3311.5,138,27,50,1,15,11,0,0,0,0,0,0,0,0.037,0.556,0.407,0,0,0,0,0,0,1,0.963,0.407,0,0,0,0,0,0
1_21_22,27-03-27,early,0k0j,R8,9:00,186,3311.5,138,34,50,14,18,2,0,0,0,0,0,0,0,0.412,0.529,0.059,0,0,0,0,0,0,1,0.588,0.059,0,0,0,0,0,0
1_21_22,27-03-25,early,0k0j,R8,9:00,186,3311.5,138,26,50,0,0,3,22,1,0,0,0,0,0,0,0,0.115,0.846,0.038,0,0,0,0,1,1,1,0.885,0.038,0,0,0,0
1_21_22,27-03-08,late,2k1j,R8,9:00,186,3311.5,138,33,50,30,3,0,0,0,0,0,0,0,0,0.909,0.091,0,0,0,0,0,0,0,1,0.091,0,0,0,0,0,0,0
1_21_22,27-04-12,late,2k1j,R8,9:00,186,3311.5,138,24,50,21,3,0,0,0,0,0,0,0,0,0.875,0.125,0,0,0,0,0,0,0,1,0.125,0,0,0,0,0,0,0
1_21_22,27-04-40,late,2k0j,R8,9:00,186,3311.5,138,24,50,0,14,10,0,0,0,0,0,0,0,0,0.583,0.417,0,0,0,0,0,0,1,1,0.417,0,0,0,0,0,0
1_21_22,27-02-51,early,0k1j,R8,9:00,186,3311.5,138,34,50,26,8,0,0,0,0,0,0,0,0,0.765,0.235,0,0,0,0,0,0,0,1,0.235,0,0,0,0,0,0,0
1_21_22,27-03-24,early,0k1j,R8,9:00,186,3311.5,138,24,50,0,15,7,2,0,0,0,0,0,0,0,0.625,0.292,0.083,0,0,0,0,0,1,1,0.375,0.083,0,0,0,0,0
1_23_22,27-02-08,late,2k0j,R10,10:00,235.3,4188.6,174.5,41,50,5,15,16,5,0,0,0,0,0,0,0.122,0.366,0.39,0.122,0,0,0,0,0,1,0.878,0.512,0.122,0,0,0,0,0
1_23_22,27-02-65,early,0k0j,R10,10:00,235.3,4188.6,174.5,31,50,2,24,4,1,0,0,0,0,0,0,0.065,0.774,0.129,0.032,0,0,0,0,0,1,0.935,0.161,0.032,0,0,0,0,0
1_23_22,27-03-46,early,0k0j,R10,10:00,235.3,4188.6,174.5,30,50,1,12,12,5,0,0,0,0,0,0,0.033,0.4,0.4,0.167,0,0,0,0,0,1,0.967,0.567,0.167,0,0,0,0,0
1_23_22,27-03-28,early,0k0j,R10,10:00,235.3,4188.6,174.5,27,50,0,2,12,13,0,0,0,0,0,0,0,0.074,0.444,0.481,0,0,0,0,0,1,1,0.926,0.481,0,0,0,0,0
1_23_22,27-03-27,early,0k0j,R10,10:00,235.3,4188.6,174.5,34,50,5,10,16,3,0,0,0,0,0,0,0.147,0.294,0.471,0.088,0,0,0,0,0,1,0.853,0.559,0.088,0,0,0,0,0
1_23_22,27-03-25,early,0k0j,R10,10:00,235.3,4188.6,174.5,26,50,0,0,0,21,5,0,0,0,0,0,0,0,0,0.808,0.192,0,0,0,0,1,1,1,1,0.192,0,0,0,0
1_23_22,27-03-08,late,2k1j,R10,10:00,235.3,4188.6,174.5,33,50,23,7,2,1,0,0,0,0,0,0,0.697,0.212,0.061,0.03,0,0,0,0,0,1,0.303,0.091,0.03,0,0,0,0,0
1_23_22,27-04-12,late,2k1j,R10,10:00,235.3,4188.6,174.5,24,50,14,10,0,0,0,0,0,0,0,0,0.583,0.417,0,0,0,0,0,0,0,1,0.417,0,0,0,0,0,0,0
1_23_22,27-04-40,late,2k0j,R10,10:00,235.3,4188.6,174.5,24,50,0,0,10,14,0,0,0,0,0,0,0,0,0.417,0.583,0,0,0,0,0,1,1,1,0.583,0,0,0,0,0
1_23_22,27-02-51,early,0k1j,R10,10:00,235.3,4188.6,174.5,34,50,14,16,4,0,0,0,0,0,0,0,0.412,0.471,0.118,0,0,0,0,0,0,1,0.588,0.118,0,0,0,0,0,0
1_23_22,27-03-24,early,0k1j,R10,10:00,235.3,4188.6,174.5,24,50,0,6,6,3,9,0,0,0,0,0,0,0.25,0.25,0.125,0.375,0,0,0,0,1,1,0.75,0.5,0.375,0,0,0,0
1_25_22,27-02-08,late,2k0j,R12,9:00,282.6,5029.9,209.6,41,50,4,9,14,14,0,0,0,0,0,0,0.098,0.22,0.341,0.341,0,0,0,0,0,1,0.902,0.683,0.341,0,0,0,0,0
1_25_22,27-02-65,early,0k0j,R12,9:00,282.6,5029.9,209.6,31,50,0,10,15,6,0,0,0,0,0,0,0,0.323,0.484,0.194,0,0,0,0,0,1,1,0.677,0.194,0,0,0,0,0
1_25_22,27-03-46,early,0k0j,R12,9:00,282.6,5029.9,209.6,30,50,0,2,13,15,0,0,0,0,0,0,0,0.067,0.433,0.5,0,0,0,0,0,1,1,0.933,0.5,0,0,0,0,0
1_25_22,27-03-28,early,0k0j,R12,9:00,282.6,5029.9,209.6,27,50,0,0,3,23,1,0,0,0,0,0,0,0,0.111,0.852,0.037,0,0,0,0,1,1,1,0.889,0.037,0,0,0,0
1_25_22,27-03-27,early,0k0j,R12,9:00,282.6,5029.9,209.6,34,50,3,4,9,16,2,0,0,0,0,0,0.088,0.118,0.265,0.471,0.059,0,0,0,0,1,0.912,0.794,0.529,0.059,0,0,0,0
1_25_22,27-03-25,early,0k0j,R12,9:00,282.6,5029.9,209.6,26,50,0,0,0,11,14,1,0,0,0,0,0,0,0,0.423,0.538,0.038,0,0,0,1,1,1,1,0.577,0.038,0,0,0
1_25_22,27-03-08,late,2k1j,R12,9:00,282.6,5029.9,209.6,33,50,18,5,7,3,0,0,0,0,0,0,0.545,0.152,0.212,0.091,0,0,0,0,0,1,0.455,0.303,0.091,0,0,0,0,0
1_25_22,27-04-12,late,2k1j,R12,9:00,282.6,5029.9,209.6,24,50,10,11,3,0,0,0,0,0,0,0,0.417,0.458,0.125,0,0,0,0,0,0,1,0.583,0.125,0,0,0,0,0,0
1_25_22,27-04-40,late,2k0j,R12,9:00,282.6,5029.9,209.6,24,50,0,0,0,24,0,0,0,0,0,0,0,0,0,1,0,0,0,0,0,1,1,1,1,0,0,0,0,0
1_25_22,27-02-51,early,0k1j,R12,9:00,282.6,5029.9,209.6,34,50,10,12,9,3,0,0,0,0,0,0,0.294,0.353,0.265,0.088,0,0,0,0,0,1,0.706,0.353,0.088,0,0,0,0,0
1_25_22,27-03-24,early,0k1j,R12,9:00,282.6,5029.9,209.6,24,50,0,5,1,5,13,0,0,0,0,0,0,0.208,0.042,0.208,0.542,0,0,0,0,1,1,0.792,0.75,0.542,0,0,0,0
1_27_22,27-02-08,late,2k0j,R0,14:00,0,0,0,29,54,28,1,0,0,0,0,0,0,0,0,0.966,0.034,0,0,0,0,0,0,0,1,0.034,0,0,0,0,0,0,0
1_27_22,27-02-65,early,0k0j,R0,14:00,0,0,0,34,54,34,0,0,0,0,0,0,0,0,0,1,0,0,0,0,0,0,0,0,1,0,0,0,0,0,0,0,0
1_27_22,27-03-46,early,0k0j,R0,14:00,0,0,0,31,54,30,1,0,0,0,0,0,0,0,0,0.968,0.032,0,0,0,0,0,0,0,1,0.032,0,0,0,0,0,0,0
1_27_22,27-03-28,early,0k0j,R0,14:00,0,0,0,31,54,31,0,0,0,0,0,0,0,0,0,1,0,0,0,0,0,0,0,0,1,0,0,0,0,0,0,0,0
1_27_22,27-03-27,early,0k0j,R0,14:00,0,0,0,27,54,27,0,0,0,0,0,0,0,0,0,1,0,0,0,0,0,0,0,0,1,0,0,0,0,0,0,0,0
1_27_22,27-03-25,early,0k0j,R0,14:00,0,0,0,38,54,38,0,0,0,0,0,0,0,0,0,1,0,0,0,0,0,0,0,0,1,0,0,0,0,0,0,0,0
1_27_22,27-03-08,late,2k1j,R0,14:00,0,0,0,22,54,22,0,0,0,0,0,0,0,0,0,1,0,0,0,0,0,0,0,0,1,0,0,0,0,0,0,0,0
1_27_22,27-04-12,late,2k1j,R0,14:00,0,0,0,27,54,27,0,0,0,0,0,0,0,0,0,1,0,0,0,0,0,0,0,0,1,0,0,0,0,0,0,0,0
1_27_22,27-04-40,late,2k0j,R0,14:00,0,0,0,32,54,32,0,0,0,0,0,0,0,0,0,1,0,0,0,0,0,0,0,0,1,0,0,0,0,0,0,0,0
1_27_22,27-02-51,early,0k1j,R0,14:00,0,0,0,34,54,34,0,0,0,0,0,0,0,0,0,1,0,0,0,0,0,0,0,0,1,0,0,0,0,0,0,0,0
1_27_22,27-03-24,early,0k1j,R0,14:00,0,0,0,38,54,35,3,0,0,0,0,0,0,0,0,0.921,0.079,0,0,0,0,0,0,0,1,0.079,0,0,0,0,0,0,0
1_29_22,27-02-08,late,2k0j,R2,11:00,45.3,805.5,33.6,29,54,21,8,0,0,0,0,0,0,0,0,0.724,0.276,0,0,0,0,0,0,0,1,0.276,0,0,0,0,0,0,0
1_29_22,27-02-65,early,0k0j,R2,11:00,45.3,805.5,33.6,34,54,34,0,0,0,0,0,0,0,0,0,1,0,0,0,0,0,0,0,0,1,0,0,0,0,0,0,0,0
1_29_22,27-03-46,early,0k0j,R2,11:00,45.3,805.5,33.6,31,54,21,10,0,0,0,0,0,0,0,0,0.677,0.323,0,0,0,0,0,0,0,1,0.323,0,0,0,0,0,0,0
1_29_22,27-03-28,early,0k0j,R2,11:00,45.3,805.5,33.6,31,54,29,2,0,0,0,0,0,0,0,0,0.935,0.065,0,0,0,0,0,0,0,1,0.065,0,0,0,0,0,0,0
1_29_22,27-03-27,early,0k0j,R2,11:00,45.3,805.5,33.6,27,54,26,1,0,0,0,0,0,0,0,0,0.963,0.037,0,0,0,0,0,0,0,1,0.037,0,0,0,0,0,0,0
1_29_22,27-03-25,early,0k0j,R2,11:00,45.3,805.5,33.6,38,54,27,11,0,0,0,0,0,0,0,0,0.711,0.289,0,0,0,0,0,0,0,1,0.289,0,0,0,0,0,0,0
1_29_22,27-03-08,late,2k1j,R2,11:00,45.3,805.5,33.6,22,54,22,0,0,0,0,0,0,0,0,0,1,0,0,0,0,0,0,0,0,1,0,0,0,0,0,0,0,0
1_29_22,27-04-12,late,2k1j,R2,11:00,45.3,805.5,33.6,27,54,27,0,0,0,0,0,0,0,0,0,1,0,0,0,0,0,0,0,0,1,0,0,0,0,0,0,0,0
1_29_22,27-04-40,late,2k0j,R2,11:00,45.3,805.5,33.6,32,54,31,1,0,0,0,0,0,0,0,0,0.969,0.031,0,0,0,0,0,0,0,1,0.031,0,0,0,0,0,0,0
1_29_22,27-02-51,early,0k1j,R2,11:00,45.3,805.5,33.6,34,54,34,0,0,0,0,0,0,0,0,0,1,0,0,0,0,0,0,0,0,1,0,0,0,0,0,0,0,0
1_29_22,27-03-24,early,0k1j,R2,11:00,45.3,805.5,33.6,38,54,11,27,0,0,0,0,0,0,0,0,0.289,0.711,0,0,0,0,0,0,0,1,0.711,0,0,0,0,0,0,0
1_31_22,27-02-08,late,2k0j,R4,9:00,91.5,1628.9,67.9,29,54,14,15,0,0,0,0,0,0,0,0,0.483,0.517,0,0,0,0,0,0,0,1,0.517,0,0,0,0,0,0,0
1_31_22,27-02-65,early,0k0j,R4,9:00,91.5,1628.9,67.9,34,54,26,8,0,0,0,0,0,0,0,0,0.765,0.235,0,0,0,0,0,0,0,1,0.235,0,0,0,0,0,0,0
1_31_22,27-03-46,early,0k0j,R4,9:00,91.5,1628.9,67.9,31,54,15,16,0,0,0,0,0,0,0,0,0.484,0.516,0,0,0,0,0,0,0,1,0.516,0,0,0,0,0,0,0
1_31_22,27-03-28,early,0k0j,R4,9:00,91.5,1628.9,67.9,31,54,24,7,0,0,0,0,0,0,0,0,0.774,0.226,0,0,0,0,0,0,0,1,0.226,0,0,0,0,0,0,0
1_31_22,27-03-27,early,0k0j,R4,9:00,91.5,1628.9,67.9,27,54,18,9,0,0,0,0,0,0,0,0,0.667,0.333,0,0,0,0,0,0,0,1,0.333,0,0,0,0,0,0,0
1_31_22,27-03-25,early,0k0j,R4,9:00,91.5,1628.9,67.9,38,54,6,30,2,0,0,0,0,0,0,0,0.158,0.789,0.053,0,0,0,0,0,0,1,0.842,0.053,0,0,0,0,0,0
1_31_22,27-03-08,late,2k1j,R4,9:00,91.5,1628.9,67.9,22,54,18,4,0,0,0,0,0,0,0,0,0.818,0.182,0,0,0,0,0,0,0,1,0.182,0,0,0,0,0,0,0
1_31_22,27-04-12,late,2k1j,R4,9:00,91.5,1628.9,67.9,27,54,26,1,0,0,0,0,0,0,0,0,0.963,0.037,0,0,0,0,0,0,0,1,0.037,0,0,0,0,0,0,0
1_31_22,27-04-40,late,2k0j,R4,9:00,91.5,1628.9,67.9,32,54,15,17,0,0,0,0,0,0,0,0,0.469,0.531,0,0,0,0,0,0,0,1,0.531,0,0,0,0,0,0,0
1_31_22,27-02-51,early,0k1j,R4,9:00,91.5,1628.9,67.9,34,54,34,0,0,0,0,0,0,0,0,0,1,0,0,0,0,0,0,0,0,1,0,0,0,0,0,0,0,0
1_31_22,27-03-24,early,0k1j,R4,9:00,91.5,1628.9,67.9,38,54,8,30,0,0,0,0,0,0,0,0,0.211,0.789,0,0,0,0,0,0,0,1,0.789,0,0,0,0,0,0,0
2_2_22,27-02-08,late,2k0j,R6,11:00,141.8,2523.9,105.2,29,54,6,21,2,0,0,0,0,0,0,0,0.207,0.724,0.069,0,0,0,0,0,0,1,0.793,0.069,0,0,0,0,0,0
2_2_22,27-02-65,early,0k0j,R6,11:00,141.8,2523.9,105.2,34,54,15,19,0,0,0,0,0,0,0,0,0.441,0.559,0,0,0,0,0,0,0,1,0.559,0,0,0,0,0,0,0
2_2_22,27-03-46,early,0k0j,R6,11:00,141.8,2523.9,105.2,31,54,1,21,9,0,0,0,0,0,0,0,0.032,0.677,0.29,0,0,0,0,0,0,1,0.968,0.29,0,0,0,0,0,0
2_2_22,27-03-28,early,0k0j,R6,11:00,141.8,2523.9,105.2,31,54,2,24,5,0,0,0,0,0,0,0,0.065,0.774,0.161,0,0,0,0,0,0,1,0.935,0.161,0,0,0,0,0,0
2_2_22,27-03-27,early,0k0j,R6,11:00,141.8,2523.9,105.2,27,54,1,25,1,0,0,0,0,0,0,0,0.037,0.926,0.037,0,0,0,0,0,0,1,0.963,0.037,0,0,0,0,0,0
2_2_22,27-03-25,early,0k0j,R6,11:00,141.8,2523.9,105.2,38,54,0,4,22,12,0,0,0,0,0,0,0,0.105,0.579,0.316,0,0,0,0,0,1,1,0.895,0.316,0,0,0,0,0
2_2_22,27-03-08,late,2k1j,R6,11:00,141.8,2523.9,105.2,22,54,7,15,0,0,0,0,0,0,0,0,0.318,0.682,0,0,0,0,0,0,0,1,0.682,0,0,0,0,0,0,0
2_2_22,27-04-12,late,2k1j,R6,11:00,141.8,2523.9,105.2,27,54,19,8,0,0,0,0,0,0,0,0,0.704,0.296,0,0,0,0,0,0,0,1,0.296,0,0,0,0,0,0,0
2_2_22,27-04-40,late,2k0j,R6,11:00,141.8,2523.9,105.2,32,54,1,17,14,0,0,0,0,0,0,0,0.031,0.531,0.438,0,0,0,0,0,0,1,0.969,0.438,0,0,0,0,0,0
2_2_22,27-02-51,early,0k1j,R6,11:00,141.8,2523.9,105.2,34,54,27,7,0,0,0,0,0,0,0,0,0.794,0.206,0,0,0,0,0,0,0,1,0.206,0,0,0,0,0,0,0
2_2_22,27-03-24,early,0k1j,R6,11:00,141.8,2523.9,105.2,38,54,1,18,17,2,0,0,0,0,0,0,0.026,0.474,0.447,0.053,0,0,0,0,0,1,0.974,0.5,0.053,0,0,0,0,0
2_4_22,27-02-08,late,2k0j,R8,12:00,191.1,3401,141.7,29,54,0,12,11,6,0,0,0,0,0,0,0,0.414,0.379,0.207,0,0,0,0,0,1,1,0.586,0.207,0,0,0,0,0
2_4_22,27-02-65,early,0k0j,R8,12:00,191.1,3401,141.7,34,54,2,26,6,0,0,0,0,0,0,0,0.059,0.765,0.176,0,0,0,0,0,0,1,0.941,0.176,0,0,0,0,0,0
2_4_22,27-03-46,early,0k0j,R8,12:00,191.1,3401,141.7,31,54,0,1,23,7,0,0,0,0,0,0,0,0.032,0.742,0.226,0,0,0,0,0,1,1,0.968,0.226,0,0,0,0,0
2_4_22,27-03-28,early,0k0j,R8,12:00,191.1,3401,141.7,31,54,0,0,27,4,0,0,0,0,0,0,0,0,0.871,0.129,0,0,0,0,0,1,1,1,0.129,0,0,0,0,0
2_4_22,27-03-27,early,0k0j,R8,12:00,191.1,3401,141.7,27,54,0,1,25,1,0,0,0,0,0,0,0,0.037,0.926,0.037,0,0,0,0,0,1,1,0.963,0.037,0,0,0,0,0
2_4_22,27-03-25,early,0k0j,R8,12:00,191.1,3401,141.7,38,54,0,0,0,34,4,0,0,0,0,0,0,0,0,0.895,0.105,0,0,0,0,1,1,1,1,0.105,0,0,0,0
2_4_22,27-03-08,late,2k1j,R8,12:00,191.1,3401,141.7,22,54,2,6,11,3,0,0,0,0,0,0,0.091,0.273,0.5,0.136,0,0,0,0,0,1,0.909,0.636,0.136,0,0,0,0,0
2_4_22,27-04-12,late,2k1j,R8,12:00,191.1,3401,141.7,27,54,5,20,2,0,0,0,0,0,0,0,0.185,0.741,0.074,0,0,0,0,0,0,1,0.815,0.074,0,0,0,0,0,0
2_4_22,27-04-40,late,2k0j,R8,12:00,191.1,3401,141.7,32,54,0,0,12,20,0,0,0,0,0,0,0,0,0.375,0.625,0,0,0,0,0,1,1,1,0.625,0,0,0,0,0
2_4_22,27-02-51,early,0k1j,R8,12:00,191.1,3401,141.7,34,54,5,25,4,0,0,0,0,0,0,0,0.147,0.735,0.118,0,0,0,0,0,0,1,0.853,0.118,0,0,0,0,0,0
2_4_22,27-03-24,early,0k1j,R8,12:00,191.1,3401,141.7,38,54,0,2,3,24,9,0,0,0,0,0,0,0.053,0.079,0.632,0.237,0,0,0,0,1,1,0.947,0.868,0.237,0,0,0,0
2_6_22,27-02-08,late,2k0j,R10,11:00,238.3,4242.3,176.8,29,54,0,5,10,14,0,0,0,0,0,0,0,0.172,0.345,0.483,0,0,0,0,0,1,1,0.828,0.483,0,0,0,0,0
2_6_22,27-02-65,early,0k0j,R10,11:00,238.3,4242.3,176.8,34,54,1,8,15,10,0,0,0,0,0,0,0.029,0.235,0.441,0.294,0,0,0,0,0,1,0.971,0.735,0.294,0,0,0,0,0
2_6_22,27-03-46,early,0k0j,R10,11:00,238.3,4242.3,176.8,31,54,0,0,2,25,4,0,0,0,0,0,0,0,0.065,0.806,0.129,0,0,0,0,1,1,1,0.935,0.129,0,0,0,0
2_6_22,27-03-28,early,0k0j,R10,11:00,238.3,4242.3,176.8,31,54,0,0,0,30,1,0,0,0,0,0,0,0,0,0.968,0.032,0,0,0,0,1,1,1,1,0.032,0,0,0,0
2_6_22,27-03-27,early,0k0j,R10,11:00,238.3,4242.3,176.8,27,54,0,1,0,25,1,0,0,0,0,0,0,0.037,0,0.926,0.037,0,0,0,0,1,1,0.963,0.963,0.037,0,0,0,0
2_6_22,27-03-25,early,0k0j,R10,11:00,238.3,4242.3,176.8,38,54,0,0,0,32,6,0,0,0,0,0,0,0,0,0.842,0.158,0,0,0,0,1,1,1,1,0.158,0,0,0,0
2_6_22,27-03-08,late,2k1j,R10,11:00,238.3,4242.3,176.8,22,54,0,4,3,15,0,0,0,0,0,0,0,0.182,0.136,0.682,0,0,0,0,0,1,1,0.818,0.682,0,0,0,0,0
2_6_22,27-04-12,late,2k1j,R10,11:00,238.3,4242.3,176.8,27,54,2,6,15,4,0,0,0,0,0,0,0.074,0.222,0.556,0.148,0,0,0,0,0,1,0.926,0.704,0.148,0,0,0,0,0
2_6_22,27-04-40,late,2k0j,R10,11:00,238.3,4242.3,176.8,32,54,0,0,0,32,0,0,0,0,0,0,0,0,0,1,0,0,0,0,0,1,1,1,1,0,0,0,0,0
2_6_22,27-02-51,early,0k1j,R10,11:00,238.3,4242.3,176.8,34,54,2,7,19,6,0,0,0,0,0,0,0.059,0.206,0.559,0.176,0,0,0,0,0,1,0.941,0.735,0.176,0,0,0,0,0
2_6_22,27-03-24,early,0k1j,R10,11:00,238.3,4242.3,176.8,38,54,0,2,1,11,24,0,0,0,0,0,0,0.053,0.026,0.289,0.632,0,0,0,0,1,1,0.947,0.921,0.632,0,0,0,0
2_8_22,27-02-08,late,2k0j,R12,9:00,284.6,5065.7,211.1,29,54,0,4,9,14,2,0,0,0,0,0,0,0.138,0.31,0.483,0.069,0,0,0,0,1,1,0.862,0.552,0.069,0,0,0,0
2_8_22,27-02-65,early,0k0j,R12,9:00,284.6,5065.7,211.1,34,54,1,3,5,22,3,0,0,0,0,0,0.029,0.088,0.147,0.647,0.088,0,0,0,0,1,0.971,0.882,0.735,0.088,0,0,0,0
2_8_22,27-03-46,early,0k0j,R12,9:00,284.6,5065.7,211.1,31,54,0,0,0,21,10,0,0,0,0,0,0,0,0,0.677,0.323,0,0,0,0,1,1,1,1,0.323,0,0,0,0
2_8_22,27-03-28,early,0k0j,R12,9:00,284.6,5065.7,211.1,31,54,0,0,0,23,8,0,0,0,0,0,0,0,0,0.742,0.258,0,0,0,0,1,1,1,1,0.258,0,0,0,0
2_8_22,27-03-27,early,0k0j,R12,9:00,284.6,5065.7,211.1,27,54,0,0,0,9,18,0,0,0,0,0,0,0,0,0.333,0.667,0,0,0,0,1,1,1,1,0.667,0,0,0,0
2_8_22,27-03-25,early,0k0j,R12,9:00,284.6,5065.7,211.1,38,54,0,0,0,18,20,0,0,0,0,0,0,0,0,0.474,0.526,0,0,0,0,1,1,1,1,0.526,0,0,0,0
2_8_22,27-03-08,late,2k1j,R12,9:00,284.6,5065.7,211.1,22,54,2,1,0,19,0,0,0,0,0,0,0.091,0.045,0,0.864,0,0,0,0,0,1,0.909,0.864,0.864,0,0,0,0,0
2_8_22,27-04-12,late,2k1j,R12,9:00,284.6,5065.7,211.1,27,54,2,2,7,16,0,0,0,0,0,0,0.074,0.074,0.259,0.593,0,0,0,0,0,1,0.926,0.852,0.593,0,0,0,0,0
2_8_22,27-04-40,late,2k0j,R12,9:00,284.6,5065.7,211.1,32,54,0,0,0,17,15,0,0,0,0,0,0,0,0,0.531,0.469,0,0,0,0,1,1,1,1,0.469,0,0,0,0
2_8_22,27-02-51,early,0k1j,R12,9:00,284.6,5065.7,211.1,34,54,2,2,13,17,0,0,0,0,0,0,0.059,0.059,0.382,0.5,0,0,0,0,0,1,0.941,0.882,0.5,0,0,0,0,0
2_8_22,27-03-24,early,0k1j,R12,9:00,284.6,5065.7,211.1,38,54,0,2,0,1,32,3,0,0,0,0,0,0.053,0,0.026,0.842,0.079,0,0,0,1,1,0.947,0.947,0.921,0.079,0,0,0
2_10_22,27-02-08,late,2k0j,R0,13:00,0,0,0,31,60.8,30,1,0,0,0,0,0,0,0,0,0.968,0.032,0,0,0,0,0,0,0,1,0.032,0,0,0,0,0,0,0
2_10_22,27-02-65,early,0k0j,R0,13:00,0,0,0,58,60.8,58,0,0,0,0,0,0,0,0,0,1,0,0,0,0,0,0,0,0,1,0,0,0,0,0,0,0,0
2_10_22,27-03-46,early,0k0j,R0,13:00,0,0,0,33,60.8,33,0,0,0,0,0,0,0,0,0,1,0,0,0,0,0,0,0,0,1,0,0,0,0,0,0,0,0
2_10_22,27-03-28,early,0k0j,R0,13:00,0,0,0,32,60.8,32,0,0,0,0,0,0,0,0,0,1,0,0,0,0,0,0,0,0,1,0,0,0,0,0,0,0,0
2_10_22,27-03-27,early,0k0j,R0,13:00,0,0,0,41,60.8,41,0,0,0,0,0,0,0,0,0,1,0,0,0,0,0,0,0,0,1,0,0,0,0,0,0,0,0
2_10_22,27-03-25,early,0k0j,R0,13:00,0,0,0,30,60.8,30,0,0,0,0,0,0,0,0,0,1,0,0,0,0,0,0,0,0,1,0,0,0,0,0,0,0,0
2_10_22,27-03-08,late,2k1j,R0,13:00,0,0,0,35,60.8,35,0,0,0,0,0,0,0,0,0,1,0,0,0,0,0,0,0,0,1,0,0,0,0,0,0,0,0
2_10_22,27-04-12,late,2k1j,R0,13:00,0,0,0,28,60.8,28,0,0,0,0,0,0,0,0,0,1,0,0,0,0,0,0,0,0,1,0,0,0,0,0,0,0,0
2_10_22,27-04-40,late,2k0j,R0,13:00,0,0,0,29,60.8,29,0,0,0,0,0,0,0,0,0,1,0,0,0,0,0,0,0,0,1,0,0,0,0,0,0,0,0
2_10_22,27-02-51,early,0k1j,R0,13:00,0,0,0,40,60.8,40,0,0,0,0,0,0,0,0,0,1,0,0,0,0,0,0,0,0,1,0,0,0,0,0,0,0,0
2_10_22,27-03-24,early,0k1j,R0,13:00,0,0,0,33,60.8,33,0,0,0,0,0,0,0,0,0,1,0,0,0,0,0,0,0,0,1,0,0,0,0,0,0,0,0
2_12_22,27-02-08,late,2k0j,R2,9:00,44.2,787.6,32.8,31,60.8,26,5,0,0,0,0,0,0,0,0,0.839,0.161,0,0,0,0,0,0,0,1,0.161,0,0,0,0,0,0,0
2_12_22,27-02-65,early,0k0j,R2,9:00,44.2,787.6,32.8,58,60.8,33,25,0,0,0,0,0,0,0,0,0.569,0.431,0,0,0,0,0,0,0,1,0.431,0,0,0,0,0,0,0
2_12_22,27-03-46,early,0k0j,R2,9:00,44.2,787.6,32.8,33,60.8,28,5,0,0,0,0,0,0,0,0,0.848,0.152,0,0,0,0,0,0,0,1,0.152,0,0,0,0,0,0,0
2_12_22,27-03-28,early,0k0j,R2,9:00,44.2,787.6,32.8,32,60.8,30,2,0,0,0,0,0,0,0,0,0.938,0.063,0,0,0,0,0,0,0,1,0.063,0,0,0,0,0,0,0
2_12_22,27-03-27,early,0k0j,R2,9:00,44.2,787.6,32.8,41,60.8,40,1,0,0,0,0,0,0,0,0,0.976,0.024,0,0,0,0,0,0,0,1,0.024,0,0,0,0,0,0,0
2_12_22,27-03-25,early,0k0j,R2,9:00,44.2,787.6,32.8,30,60.8,15,15,0,0,0,0,0,0,0,0,0.5,0.5,0,0,0,0,0,0,0,1,0.5,0,0,0,0,0,0,0
2_12_22,27-03-08,late,2k1j,R2,9:00,44.2,787.6,32.8,35,60.8,35,0,0,0,0,0,0,0,0,0,1,0,0,0,0,0,0,0,0,1,0,0,0,0,0,0,0,0
2_12_22,27-04-12,late,2k1j,R2,9:00,44.2,787.6,32.8,28,60.8,28,0,0,0,0,0,0,0,0,0,1,0,0,0,0,0,0,0,0,1,0,0,0,0,0,0,0,0
2_12_22,27-04-40,late,2k0j,R2,9:00,44.2,787.6,32.8,29,60.8,28,1,0,0,0,0,0,0,0,0,0.966,0.034,0,0,0,0,0,0,0,1,0.034,0,0,0,0,0,0,0
2_12_22,27-02-51,early,0k1j,R2,9:00,44.2,787.6,32.8,40,60.8,40,0,0,0,0,0,0,0,0,0,1,0,0,0,0,0,0,0,0,1,0,0,0,0,0,0,0,0
2_12_22,27-03-24,early,0k1j,R2,9:00,44.2,787.6,32.8,33,60.8,5,28,0,0,0,0,0,0,0,0,0.152,0.848,0,0,0,0,0,0,0,1,0.848,0,0,0,0,0,0,0
2_14_22,27-02-08,late,2k0j,R4,10:00,93.5,1664.7,69.4,31,60.8,9,19,3,0,0,0,0,0,0,0,0.29,0.613,0.097,0,0,0,0,0,0,1,0.71,0.097,0,0,0,0,0,0
2_14_22,27-02-65,early,0k0j,R4,10:00,93.5,1664.7,69.4,58,60.8,8,46,4,0,0,0,0,0,0,0,0.138,0.793,0.069,0,0,0,0,0,0,1,0.862,0.069,0,0,0,0,0,0
2_14_22,27-03-46,early,0k0j,R4,10:00,93.5,1664.7,69.4,33,60.8,4,17,12,0,0,0,0,0,0,0,0.121,0.515,0.364,0,0,0,0,0,0,1,0.879,0.364,0,0,0,0,0,0
2_14_22,27-03-28,early,0k0j,R4,10:00,93.5,1664.7,69.4,32,60.8,3,28,1,0,0,0,0,0,0,0,0.094,0.875,0.031,0,0,0,0,0,0,1,0.906,0.031,0,0,0,0,0,0
2_14_22,27-03-27,early,0k0j,R4,10:00,93.5,1664.7,69.4,41,60.8,20,21,0,0,0,0,0,0,0,0,0.488,0.512,0,0,0,0,0,0,0,1,0.512,0,0,0,0,0,0,0
2_14_22,27-03-25,early,0k0j,R4,10:00,93.5,1664.7,69.4,30,60.8,0,2,18,10,0,0,0,0,0,0,0,0.067,0.6,0.333,0,0,0,0,0,1,1,0.933,0.333,0,0,0,0,0
2_14_22,27-03-08,late,2k1j,R4,10:00,93.5,1664.7,69.4,35,60.8,26,9,0,0,0,0,0,0,0,0,0.743,0.257,0,0,0,0,0,0,0,1,0.257,0,0,0,0,0,0,0
2_14_22,27-04-12,late,2k1j,R4,10:00,93.5,1664.7,69.4,28,60.8,26,2,0,0,0,0,0,0,0,0,0.929,0.071,0,0,0,0,0,0,0,1,0.071,0,0,0,0,0,0,0
2_14_22,27-04-40,late,2k0j,R4,10:00,93.5,1664.7,69.4,29,60.8,0,24,5,0,0,0,0,0,0,0,0,0.828,0.172,0,0,0,0,0,0,1,1,0.172,0,0,0,0,0,0
2_14_22,27-02-51,early,0k1j,R4,10:00,93.5,1664.7,69.4,40,60.8,36,4,0,0,0,0,0,0,0,0,0.9,0.1,0,0,0,0,0,0,0,1,0.1,0,0,0,0,0,0,0
2_14_22,27-03-24,early,0k1j,R4,10:00,93.5,1664.7,69.4,33,60.8,0,12,21,0,0,0,0,0,0,0,0,0.364,0.636,0,0,0,0,0,0,1,1,0.636,0,0,0,0,0,0
2_16_22,27-02-08,late,2k0j,R6,11:00,142.8,2541.8,105.9,31,60.8,0,4,22,7,0,0,0,0,0,0,0,0.129,0.71,0.226,0,0,0,0,0,1.065,1.065,0.935,0.226,0,0,0,0,0
2_16_22,27-02-65,early,0k0j,R6,11:00,142.8,2541.8,105.9,58,60.8,2,14,31,11,0,0,0,0,0,0,0.034,0.241,0.534,0.19,0,0,0,0,0,1,0.966,0.724,0.19,0,0,0,0,0
2_16_22,27-03-46,early,0k0j,R6,11:00,142.8,2541.8,105.9,33,60.8,1,1,12,18,1,0,0,0,0,0,0.03,0.03,0.364,0.545,0.03,0,0,0,0,1,0.97,0.939,0.576,0.03,0,0,0,0
2_16_22,27-03-28,early,0k0j,R6,11:00,142.8,2541.8,105.9,32,60.8,0,4,21,7,0,0,0,0,0,0,0,0.125,0.656,0.219,0,0,0,0,0,1,1,0.875,0.219,0,0,0,0,0
2_16_22,27-03-27,early,0k0j,R6,11:00,142.8,2541.8,105.9,41,60.8,2,17,22,0,0,0,0,0,0,0,0.049,0.415,0.537,0,0,0,0,0,0,1,0.951,0.537,0,0,0,0,0,0
2_16_22,27-03-25,early,0k0j,R6,11:00,142.8,2541.8,105.9,30,60.8,0,0,1,23,6,0,0,0,0,0,0,0,0.033,0.767,0.2,0,0,0,0,1,1,1,0.967,0.2,0,0,0,0
2_16_22,27-03-08,late,2k1j,R6,11:00,142.8,2541.8,105.9,35,60.8,9,16,9,1,0,0,0,0,0,0,0.257,0.457,0.257,0.029,0,0,0,0,0,1,0.743,0.286,0.029,0,0,0,0,0
2_16_22,27-04-12,late,2k1j,R6,11:00,142.8,2541.8,105.9,28,60.8,6,20,2,0,0,0,0,0,0,0,0.214,0.714,0.071,0,0,0,0,0,0,1,0.786,0.071,0,0,0,0,0,0
2_16_22,27-04-40,late,2k0j,R6,11:00,142.8,2541.8,105.9,29,60.8,0,0,18,11,0,0,0,0,0,0,0,0,0.621,0.379,0,0,0,0,0,1,1,1,0.379,0,0,0,0,0
2_16_22,27-02-51,early,0k1j,R6,11:00,142.8,2541.8,105.9,40,60.8,13,25,2,0,0,0,0,0,0,0,0.325,0.625,0.05,0,0,0,0,0,0,1,0.675,0.05,0,0,0,0,0,0
2_16_22,27-03-24,early,0k1j,R6,11:00,142.8,2541.8,105.9,33,60.8,0,0,1,32,0,0,0,0,0,0,0,0,0.03,0.97,0,0,0,0,0,1,1,1,0.97,0,0,0,0,0
2_18_22,27-02-08,late,2k0j,R8,9:00,189.1,3365.2,140.2,31,60.8,0,2,6,23,0,0,0,0,0,0,0,0.065,0.194,0.742,0,0,0,0,0,1,1,0.935,0.742,0,0,0,0,0
2_18_22,27-02-65,early,0k0j,R8,9:00,189.1,3365.2,140.2,58,60.8,2,4,12,40,0,0,0,0,0,0,0.034,0.069,0.207,0.69,0,0,0,0,0,1,0.966,0.897,0.69,0,0,0,0,0
2_18_22,27-03-46,early,0k0j,R8,9:00,189.1,3365.2,140.2,33,60.8,0,1,4,23,5,0,0,0,0,0,0,0.03,0.121,0.697,0.152,0,0,0,0,1,1,0.97,0.848,0.152,0,0,0,0
2_18_22,27-03-28,early,0k0j,R8,9:00,189.1,3365.2,140.2,32,60.8,0,0,3,25,4,0,0,0,0,0,0,0,0.094,0.781,0.125,0,0,0,0,1,1,1,0.906,0.125,0,0,0,0
2_18_22,27-03-27,early,0k0j,R8,9:00,189.1,3365.2,140.2,41,60.8,0,2,19,20,0,0,0,0,0,0,0,0.049,0.463,0.488,0,0,0,0,0,1,1,0.951,0.488,0,0,0,0,0
2_18_22,27-03-25,early,0k0j,R8,9:00,189.1,3365.2,140.2,30,60.8,0,0,0,11,18,1,0,0,0,0,0,0,0,0.367,0.6,0.033,0,0,0,1,1,1,1,0.633,0.033,0,0,0
2_18_22,27-03-08,late,2k1j,R8,9:00,189.1,3365.2,140.2,35,60.8,5,6,12,12,0,0,0,0,0,0,0.143,0.171,0.343,0.343,0,0,0,0,0,1,0.857,0.686,0.343,0,0,0,0,0
2_18_22,27-04-12,late,2k1j,R8,9:00,189.1,3365.2,140.2,28,60.8,1,9,15,3,0,0,0,0,0,0,0.036,0.321,0.536,0.107,0,0,0,0,0,1,0.964,0.643,0.107,0,0,0,0,0
2_18_22,27-04-40,late,2k0j,R8,9:00,189.1,3365.2,140.2,29,60.8,0,0,0,29,0,0,0,0,0,0,0,0,0,1,0,0,0,0,0,1,1,1,1,0,0,0,0,0
2_18_22,27-02-51,early,0k1j,R8,9:00,189.1,3365.2,140.2,40,60.8,1,13,19,7,0,0,0,0,0,0,0.025,0.325,0.475,0.175,0,0,0,0,0,1,0.975,0.65,0.175,0,0,0,0,0
2_18_22,27-03-24,early,0k1j,R8,9:00,189.1,3365.2,140.2,33,60.8,0,0,0,10,23,0,0,0,0,0,0,0,0,0.303,0.697,0,0,0,0,1,1,1,1,0.697,0,0,0,0
2_20_22,27-02-08,late,2k0j,R10,11:00,239.3,4260.2,177.5,31,60.8,0,2,5,23,1,0,0,0,0,0,0,0.065,0.161,0.742,0.032,0,0,0,0,1,1,0.935,0.774,0.032,0,0,0,0
2_20_22,27-02-65,early,0k0j,R10,11:00,239.3,4260.2,177.5,58,60.8,2,0,5,14,37,0,0,0,0,0,0.034,0,0.086,0.241,0.638,0,0,0,0,1,0.966,0.966,0.879,0.638,0,0,0,0
2_20_22,27-03-46,early,0k0j,R10,11:00,239.3,4260.2,177.5,33,60.8,0,1,2,6,24,0,0,0,0,0,0,0.03,0.061,0.182,0.727,0,0,0,0,1,1,0.97,0.909,0.727,0,0,0,0
2_20_22,27-03-28,early,0k0j,R10,11:00,239.3,4260.2,177.5,32,60.8,0,0,0,16,16,0,0,0,0,0,0,0,0,0.5,0.5,0,0,0,0,1,1,1,1,0.5,0,0,0,0
2_20_22,27-03-27,early,0k0j,R10,11:00,239.3,4260.2,177.5,41,60.8,0,0,3,27,11,0,0,0,0,0,0,0,0.073,0.659,0.268,0,0,0,0,1,1,1,0.927,0.268,0,0,0,0
2_20_22,27-03-25,early,0k0j,R10,11:00,239.3,4260.2,177.5,30,60.8,0,0,0,4,18,8,0,0,0,0,0,0,0,0.133,0.6,0.267,0,0,0,1,1,1,1,0.867,0.267,0,0,0
2_20_22,27-03-08,late,2k1j,R10,11:00,239.3,4260.2,177.5,35,60.8,5,1,4,25,0,0,0,0,0,0,0.143,0.029,0.114,0.714,0,0,0,0,0,1,0.857,0.829,0.714,0,0,0,0,0
2_20_22,27-04-12,late,2k1j,R10,11:00,239.3,4260.2,177.5,28,60.8,0,1,10,17,0,0,0,0,0,0,0,0.036,0.357,0.607,0,0,0,0,0,1,1,0.964,0.607,0,0,0,0,0
2_20_22,27-04-40,late,2k0j,R10,11:00,239.3,4260.2,177.5,29,60.8,0,0,0,22,7,0,0,0,0,0,0,0,0,0.759,0.241,0,0,0,0,1,1,1,1,0.241,0,0,0,0
2_20_22,27-02-51,early,0k1j,R10,11:00,239.3,4260.2,177.5,40,60.8,0,1,19,18,2,0,0,0,0,0,0,0.025,0.475,0.45,0.05,0,0,0,0,1,1,0.975,0.5,0.05,0,0,0,0
2_20_22,27-03-24,early,0k1j,R10,11:00,239.3,4260.2,177.5,33,60.8,0,0,0,0,30,3,0,0,0,0,0,0,0,0,0.909,0.091,0,0,0,1,1,1,1,1,0.091,0,0,0
2_22_22,27-02-08,late,2k0j,R12,9:00,285.6,5083.6,211.8,31,60.8,0,2,4,23,2,0,0,0,0,0,0,0.065,0.129,0.742,0.065,0,0,0,0,1,1,0.935,0.806,0.065,0,0,0,0
2_22_22,27-02-65,early,0k0j,R12,9:00,285.6,5083.6,211.8,58,60.8,2,1,2,10,34,7,2,0,0,0,0.034,0.017,0.034,0.172,0.586,0.121,0.034,0,0,1,0.966,0.948,0.914,0.741,0.155,0.034,0,0
2_22_22,27-03-46,early,0k0j,R12,9:00,285.6,5083.6,211.8,33,60.8,0,0,1,8,21,3,0,0,0,0,0,0,0.03,0.242,0.636,0.091,0,0,0,1,1,1,0.97,0.727,0.091,0,0,0
2_22_22,27-03-28,early,0k0j,R12,9:00,285.6,5083.6,211.8,32,60.8,0,0,0,9,23,0,0,0,0,0,0,0,0,0.281,0.719,0,0,0,0,1,1,1,1,0.719,0,0,0,0
2_22_22,27-03-27,early,0k0j,R12,9:00,285.6,5083.6,211.8,41,60.8,0,0,1,12,28,0,0,0,0,0,0,0,0.024,0.293,0.683,0,0,0,0,1,1,1,0.976,0.683,0,0,0,0
2_22_22,27-03-25,early,0k0j,R12,9:00,285.6,5083.6,211.8,30,60.8,0,0,0,2,16,4,6,0,0,2,0,0,0,0.067,0.533,0.133,0.2,0,0.067,1,1,1,1,0.933,0.4,0.267,0.067,0.067
2_22_22,27-03-08,late,2k1j,R12,9:00,285.6,5083.6,211.8,35,60.8,4,1,1,28,1,0,0,0,0,0,0.114,0.029,0.029,0.8,0.029,0,0,0,0,1,0.886,0.857,0.829,0.029,0,0,0,0
2_22_22,27-04-12,late,2k1j,R12,9:00,285.6,5083.6,211.8,28,60.8,0,1,4,18,5,0,0,0,0,0,0,0.036,0.143,0.643,0.179,0,0,0,0,1,1,0.964,0.821,0.179,0,0,0,0
2_22_22,27-04-40,late,2k0j,R12,9:00,285.6,5083.6,211.8,29,60.8,0,0,0,7,22,0,0,0,0,0,0,0,0,0.241,0.759,0,0,0,0,1,1,1,1,0.759,0,0,0,0
2_22_22,27-02-51,early,0k1j,R12,9:00,285.6,5083.6,211.8,40,60.8,1,1,6,25,6,1,0,0,0,0,0.025,0.025,0.15,0.625,0.15,0.025,0,0,0,1,0.975,0.95,0.8,0.175,0.025,0,0,0
2_22_22,27-03-24,early,0k1j,R12,9:00,285.6,5083.6,211.8,33,60.8,0,0,0,0,9,19,5,0,0,0,0,0,0,0,0.273,0.576,0.152,0,0,1,1,1,1,1,0.727,0.152,0,0
2_26_22,27-02-08,late,2k0j,R0,19:00,0,0,0,29,67.7,29,0,0,0,0,0,0,0,0,0,1,0,0,0,0,0,0,0,0,1,0,0,0,0,0,0,0,0
2_26_22,27-02-65,early,0k0j,R0,19:00,0,0,0,46,67.7,46,0,0,0,0,0,0,0,0,0,1,0,0,0,0,0,0,0,0,1,0,0,0,0,0,0,0,0
2_26_22,27-03-46,early,0k0j,R0,19:00,0,0,0,37,67.7,37,0,0,0,0,0,0,0,0,0,1,0,0,0,0,0,0,0,0,1,0,0,0,0,0,0,0,0
2_26_22,27-03-28,early,0k0j,R0,19:00,0,0,0,28,67.7,28,0,0,0,0,0,0,0,0,0,1,0,0,0,0,0,0,0,0,1,0,0,0,0,0,0,0,0
2_26_22,27-03-27,early,0k0j,R0,19:00,0,0,0,35,67.7,35,0,0,0,0,0,0,0,0,0,1,0,0,0,0,0,0,0,0,1,0,0,0,0,0,0,0,0
2_26_22,27-03-25,early,0k0j,R0,19:00,0,0,0,28,67.7,28,0,0,0,0,0,0,0,0,0,1,0,0,0,0,0,0,0,0,1,0,0,0,0,0,0,0,0
2_26_22,27-03-08,late,2k1j,R0,19:00,0,0,0,23,67.7,23,0,0,0,0,0,0,0,0,0,1,0,0,0,0,0,0,0,0,1,0,0,0,0,0,0,0,0
2_26_22,27-04-12,late,2k1j,R0,19:00,0,0,0,30,67.7,30,0,0,0,0,0,0,0,0,0,1,0,0,0,0,0,0,0,0,1,0,0,0,0,0,0,0,0
2_26_22,27-04-40,late,2k0j,R0,19:00,0,0,0,23,67.7,23,0,0,0,0,0,0,0,0,0,1,0,0,0,0,0,0,0,0,1,0,0,0,0,0,0,0,0
2_26_22,27-02-51,early,0k1j,R0,19:00,0,0,0,42,67.7,42,0,0,0,0,0,0,0,0,0,1,0,0,0,0,0,0,0,0,1,0,0,0,0,0,0,0,0
2_26_22,27-03-24,early,0k1j,R0,19:00,0,0,0,41,67.7,41,0,0,0,0,0,0,0,0,0,1,0,0,0,0,0,0,0,0,1,0,0,0,0,0,0,0,0
2_28_22,27-02-08,late,2k0j,R2,10:00,39.2,698.1,29.1,29,67.7,12,17,0,0,0,0,0,0,0,0,0.414,0.586,0,0,0,0,0,0,0,1,0.586,0,0,0,0,0,0,0
2_28_22,27-02-65,early,0k0j,R2,10:00,39.2,698.1,29.1,46,67.7,18,28,0,0,0,0,0,0,0,0,0.391,0.609,0,0,0,0,0,0,0,1,0.609,0,0,0,0,0,0,0
2_28_22,27-03-46,early,0k0j,R2,10:00,39.2,698.1,29.1,37,67.7,17,20,0,0,0,0,0,0,0,0,0.459,0.541,0,0,0,0,0,0,0,1,0.541,0,0,0,0,0,0,0
2_28_22,27-03-28,early,0k0j,R2,10:00,39.2,698.1,29.1,28,67.7,12,16,0,0,0,0,0,0,0,0,0.429,0.571,0,0,0,0,0,0,0,1,0.571,0,0,0,0,0,0,0
2_28_22,27-03-27,early,0k0j,R2,10:00,39.2,698.1,29.1,35,67.7,22,13,0,0,0,0,0,0,0,0,0.629,0.371,0,0,0,0,0,0,0,1,0.371,0,0,0,0,0,0,0
2_28_22,27-03-25,early,0k0j,R2,10:00,39.2,698.1,29.1,28,67.7,5,23,0,0,0,0,0,0,0,0,0.179,0.821,0,0,0,0,0,0,0,1,0.821,0,0,0,0,0,0,0
2_28_22,27-03-08,late,2k1j,R2,10:00,39.2,698.1,29.1,23,67.7,19,4,0,0,0,0,0,0,0,0,0.826,0.174,0,0,0,0,0,0,0,1,0.174,0,0,0,0,0,0,0
2_28_22,27-04-12,late,2k1j,R2,10:00,39.2,698.1,29.1,30,67.7,30,0,0,0,0,0,0,0,0,0,1,0,0,0,0,0,0,0,0,1,0,0,0,0,0,0,0,0
2_28_22,27-04-40,late,2k0j,R2,10:00,39.2,698.1,29.1,23,67.7,15,8,0,0,0,0,0,0,0,0,0.652,0.348,0,0,0,0,0,0,0,1,0.348,0,0,0,0,0,0,0
2_28_22,27-02-51,early,0k1j,R2,10:00,39.2,698.1,29.1,42,67.7,42,0,0,0,0,0,0,0,0,0,1,0,0,0,0,0,0,0,0,1,0,0,0,0,0,0,0,0
2_28_22,27-03-24,early,0k1j,R2,10:00,39.2,698.1,29.1,41,67.7,2,39,0,0,0,0,0,0,0,0,0.049,0.951,0,0,0,0,0,0,0,1,0.951,0,0,0,0,0,0,0
3_2_22,27-02-08,late,2k0j,R4,11:00,88.5,1575.2,65.6,29,67.7,1,25,3,0,0,0,0,0,0,0,0.034,0.862,0.103,0,0,0,0,0,0,1,0.966,0.103,0,0,0,0,0,0
3_2_22,27-02-65,early,0k0j,R4,11:00,88.5,1575.2,65.6,46,67.7,1,36,9,0,0,0,0,0,0,0,0.022,0.783,0.196,0,0,0,0,0,0,1,0.978,0.196,0,0,0,0,0,0
3_2_22,27-03-46,early,0k0j,R4,11:00,88.5,1575.2,65.6,37,67.7,1,12,22,2,0,0,0,0,0,0,0.027,0.324,0.595,0.054,0,0,0,0,0,1,0.973,0.649,0.054,0,0,0,0,0
3_2_22,27-03-28,early,0k0j,R4,11:00,88.5,1575.2,65.6,28,67.7,0,18,10,0,0,0,0,0,0,0,0,0.643,0.357,0,0,0,0,0,0,1,1,0.357,0,0,0,0,0,0
3_2_22,27-03-27,early,0k0j,R4,11:00,88.5,1575.2,65.6,35,67.7,0,29,6,0,0,0,0,0,0,0,0,0.829,0.171,0,0,0,0,0,0,1,1,0.171,0,0,0,0,0,0
3_2_22,27-03-25,early,0k0j,R4,11:00,88.5,1575.2,65.6,36,67.7,0,1,17,10,0,0,0,0,0,0,0,0.028,0.472,0.278,0,0,0,0,0,0.778,0.778,0.75,0.278,0,0,0,0,0
3_2_22,27-03-08,late,2k1j,R4,11:00,88.5,1575.2,65.6,23,67.7,4,19,0,0,0,0,0,0,0,0,0.174,0.826,0,0,0,0,0,0,0,1,0.826,0,0,0,0,0,0,0
3_2_22,27-04-12,late,2k1j,R4,11:00,88.5,1575.2,65.6,30,67.7,27,3,0,0,0,0,0,0,0,0,0.9,0.1,0,0,0,0,0,0,0,1,0.1,0,0,0,0,0,0,0
3_2_22,27-04-40,late,2k0j,R4,11:00,88.5,1575.2,65.6,23,67.7,0,18,5,0,0,0,0,0,0,0,0,0.783,0.217,0,0,0,0,0,0,1,1,0.217,0,0,0,0,0,0
3_2_22,27-02-51,early,0k1j,R4,11:00,88.5,1575.2,65.6,42,67.7,27,15,0,0,0,0,0,0,0,0,0.643,0.357,0,0,0,0,0,0,0,1,0.357,0,0,0,0,0,0,0
3_2_22,27-03-24,early,0k1j,R4,11:00,88.5,1575.2,65.6,41,67.7,0,1,22,18,0,0,0,0,0,0,0,0.024,0.537,0.439,0,0,0,0,0,1,1,0.976,0.439,0,0,0,0,0
3_4_22,27-02-08,late,2k0j,R6,9:00,134.8,2398.6,99.9,29,67.7,0,1,18,10,0,0,0,0,0,0,0,0.034,0.621,0.345,0,0,0,0,0,1,1,0.966,0.345,0,0,0,0,0
3_4_22,27-02-65,early,0k0j,R6,9:00,134.8,2398.6,99.9,46,67.7,0,2,22,22,0,0,0,0,0,0,0,0.043,0.478,0.478,0,0,0,0,0,1,1,0.957,0.478,0,0,0,0,0
3_4_22,27-03-46,early,0k0j,R6,9:00,134.8,2398.6,99.9,37,67.7,0,2,11,24,0,0,0,0,0,0,0,0.054,0.297,0.649,0,0,0,0,0,1,1,0.946,0.649,0,0,0,0,0
3_4_22,27-03-28,early,0k0j,R6,9:00,134.8,2398.6,99.9,28,67.7,0,0,13,15,0,0,0,0,0,0,0,0,0.464,0.536,0,0,0,0,0,1,1,1,0.536,0,0,0,0,0
3_4_22,27-03-27,early,0k0j,R6,9:00,134.8,2398.6,99.9,35,67.7,0,0,21,14,0,0,0,0,0,0,0,0,0.6,0.4,0,0,0,0,0,1,1,1,0.4,0,0,0,0,0
3_4_22,27-03-25,early,0k0j,R6,9:00,134.8,2398.6,99.9,28,67.7,0,0,0,28,0,0,0,0,0,0,0,0,0,1,0,0,0,0,0,1,1,1,1,0,0,0,0,0
3_4_22,27-03-08,late,2k1j,R6,9:00,134.8,2398.6,99.9,23,67.7,1,5,15,2,0,0,0,0,0,0,0.043,0.217,0.652,0.087,0,0,0,0,0,1,0.957,0.739,0.087,0,0,0,0,0
3_4_22,27-04-12,late,2k1j,R6,9:00,134.8,2398.6,99.9,30,67.7,11,17,2,0,0,0,0,0,0,0,0.367,0.567,0.067,0,0,0,0,0,0,1,0.633,0.067,0,0,0,0,0,0
3_4_22,27-04-40,late,2k0j,R6,9:00,134.8,2398.6,99.9,23,67.7,0,0,9,14,0,0,0,0,0,0,0,0,0.391,0.609,0,0,0,0,0,1,1,1,0.609,0,0,0,0,0
3_4_22,27-02-51,early,0k1j,R6,9:00,134.8,2398.6,99.9,42,67.7,5,28,9,0,0,0,0,0,0,0,0.119,0.667,0.214,0,0,0,0,0,0,1,0.881,0.214,0,0,0,0,0,0
3_4_22,27-03-24,early,0k1j,R6,9:00,134.8,2398.6,99.9,41,67.7,0,0,0,23,18,0,0,0,0,0,0,0,0,0.561,0.439,0,0,0,0,1,1,1,1,0.439,0,0,0,0
3_6_22,27-02-08,late,2k0j,R8,11:00,185,3293.6,137.2,29,67.7,0,1,6,22,0,0,0,0,0,0,0,0.034,0.207,0.759,0,0,0,0,0,1,1,0.966,0.759,0,0,0,0,0
3_6_22,27-02-65,early,0k0j,R8,11:00,185,3293.6,137.2,46,67.7,0,3,2,18,23,0,0,0,0,0,0,0.065,0.043,0.391,0.5,0,0,0,0,1,1,0.935,0.891,0.5,0,0,0,0
3_6_22,27-03-46,early,0k0j,R8,11:00,185,3293.6,137.2,37,67.7,0,0,1,23,13,0,0,0,0,0,0,0,0.027,0.622,0.351,0,0,0,0,1,1,1,0.973,0.351,0,0,0,0
3_6_22,27-03-28,early,0k0j,R8,11:00,185,3293.6,137.2,28,67.7,0,0,0,18,10,0,0,0,0,0,0,0,0,0.643,0.357,0,0,0,0,1,1,1,1,0.357,0,0,0,0
3_6_22,27-03-27,early,0k0j,R8,11:00,185,3293.6,137.2,35,67.7,0,0,2,19,14,0,0,0,0,0,0,0,0.057,0.543,0.4,0,0,0,0,1,1,1,0.943,0.4,0,0,0,0
3_6_22,27-03-25,early,0k0j,R8,11:00,185,3293.6,137.2,28,67.7,0,0,0,22,6,0,0,0,0,0,0,0,0,0.786,0.214,0,0,0,0,1,1,1,1,0.214,0,0,0,0
3_6_22,27-03-08,late,2k1j,R8,11:00,185,3293.6,137.2,23,67.7,1,1,3,18,0,0,0,0,0,0,0.043,0.043,0.13,0.783,0,0,0,0,0,1,0.957,0.913,0.783,0,0,0,0,0
3_6_22,27-04-12,late,2k1j,R8,11:00,185,3293.6,137.2,30,67.7,2,9,17,2,0,0,0,0,0,0,0.067,0.3,0.567,0.067,0,0,0,0,0,1,0.933,0.633,0.067,0,0,0,0,0
3_6_22,27-04-40,late,2k0j,R8,11:00,185,3293.6,137.2,23,67.7,0,0,0,21,2,0,0,0,0,0,0,0,0,0.913,0.087,0,0,0,0,1,1,1,1,0.087,0,0,0,0
3_6_22,27-02-51,early,0k1j,R8,11:00,185,3293.6,137.2,42,67.7,2,7,25,7,1,0,0,0,0,0,0.048,0.167,0.595,0.167,0.024,0,0,0,0,1,0.952,0.786,0.19,0.024,0,0,0,0
3_6_22,27-03-24,early,0k1j,R8,11:00,185,3293.6,137.2,41,67.7,0,0,0,1,40,0,0,0,0,0,0,0,0,0.024,0.976,0,0,0,0,1,1,1,1,0.976,0,0,0,0
3_8_22,27-02-08,late,2k0j,R10,11:00,233.3,4152.8,173,29,67.7,0,1,0,28,0,0,0,0,0,0,0,0.034,0,0.966,0,0,0,0,0,1,1,0.966,0.966,0,0,0,0,0
3_8_22,27-02-65,early,0k0j,R10,11:00,233.3,4152.8,173,46,67.7,0,3,0,11,31,1,0,0,0,0,0,0.065,0,0.239,0.674,0.022,0,0,0,1,1,0.935,0.935,0.696,0.022,0,0,0
3_8_22,27-03-46,early,0k0j,R10,11:00,233.3,4152.8,173,37,67.7,0,0,0,12,25,0,0,0,0,0,0,0,0,0.324,0.676,0,0,0,0,1,1,1,1,0.676,0,0,0,0
3_8_22,27-03-28,early,0k0j,R10,11:00,233.3,4152.8,173,28,67.7,0,0,0,12,16,0,0,0,0,0,0,0,0,0.429,0.571,0,0,0,0,1,1,1,1,0.571,0,0,0,0
3_8_22,27-03-27,early,0k0j,R10,11:00,233.3,4152.8,173,35,67.7,0,0,0,8,27,0,0,0,0,0,0,0,0,0.229,0.771,0,0,0,0,1,1,1,1,0.771,0,0,0,0
3_8_22,27-03-25,early,0k0j,R10,11:00,233.3,4152.8,173,28,67.7,0,0,0,9,19,0,0,0,0,0,0,0,0,0.321,0.679,0,0,0,0,1,1,1,1,0.679,0,0,0,0
3_8_22,27-03-08,late,2k1j,R10,11:00,233.3,4152.8,173,23,67.7,1,0,1,19,2,0,0,0,0,0,0.043,0,0.043,0.826,0.087,0,0,0,0,1,0.957,0.957,0.913,0.087,0,0,0,0
3_8_22,27-04-12,late,2k1j,R10,11:00,233.3,4152.8,173,30,67.7,2,3,8,17,0,0,0,0,0,0,0.067,0.1,0.267,0.567,0,0,0,0,0,1,0.933,0.833,0.567,0,0,0,0,0
3_8_22,27-04-40,late,2k0j,R10,11:00,233.3,4152.8,173,23,67.7,0,0,0,12,11,0,0,0,0,0,0,0,0,0.522,0.478,0,0,0,0,1,1,1,1,0.478,0,0,0,0
3_8_22,27-02-51,early,0k1j,R10,11:00,233.3,4152.8,173,42,67.7,2,3,8,26,3,0,0,0,0,0,0.048,0.071,0.19,0.619,0.071,0,0,0,0,1,0.952,0.881,0.69,0.071,0,0,0,0
3_8_22,27-03-24,early,0k1j,R10,11:00,233.3,4152.8,173,41,67.7,0,0,0,1,25,15,0,0,0,0,0,0,0,0.024,0.61,0.366,0,0,0,1,1,1,1,0.976,0.366,0,0,0
3_10_22,27-02-08,late,2k0j,R12,11:00,281.6,5012,208.8,29,67.7,0,1,0,25,3,0,0,0,0,0,0,0.034,0,0.862,0.103,0,0,0,0,1,1,0.966,0.966,0.103,0,0,0,0
3_10_22,27-02-65,early,0k0j,R12,11:00,281.6,5012,208.8,46,67.7,0,3,0,7,25,9,2,0,0,0,0,0.065,0,0.152,0.543,0.196,0.043,0,0,1,1,0.935,0.935,0.783,0.239,0.043,0,0
3_10_22,27-03-46,early,0k0j,R12,11:00,281.6,5012,208.8,37,67.7,0,0,0,8,27,1,1,0,0,0,0,0,0,0.216,0.73,0.027,0.027,0,0,1,1,1,1,0.784,0.054,0.027,0,0
3_10_22,27-03-28,early,0k0j,R12,11:00,281.6,5012,208.8,28,67.7,0,0,0,8,20,0,0,0,0,0,0,0,0,0.286,0.714,0,0,0,0,1,1,1,1,0.714,0,0,0,0
3_10_22,27-03-27,early,0k0j,R12,11:00,281.6,5012,208.8,35,67.7,0,0,0,6,29,0,0,0,0,0,0,0,0,0.171,0.829,0,0,0,0,1,1,1,1,0.829,0,0,0,0
3_10_22,27-03-25,early,0k0j,R12,11:00,281.6,5012,208.8,28,67.7,0,0,0,2,24,1,1,0,0,0,0,0,0,0.071,0.857,0.036,0.036,0,0,1,1,1,1,0.929,0.071,0.036,0,0
3_10_22,27-03-08,late,2k1j,R12,11:00,281.6,5012,208.8,23,67.7,1,0,0,8,14,0,0,0,0,0,0.043,0,0,0.348,0.609,0,0,0,0,1,0.957,0.957,0.957,0.609,0,0,0,0
3_10_22,27-04-12,late,2k1j,R12,11:00,281.6,5012,208.8,30,67.7,1,1,6,16,6,0,0,0,0,0,0.033,0.033,0.2,0.533,0.2,0,0,0,0,1,0.967,0.933,0.733,0.2,0,0,0,0
3_10_22,27-04-40,late,2k0j,R12,11:00,281.6,5012,208.8,23,67.7,0,0,0,3,20,0,0,0,0,0,0,0,0,0.13,0.87,0,0,0,0,1,1,1,1,0.87,0,0,0,0
3_10_22,27-02-51,early,0k1j,R12,11:00,281.6,5012,208.8,42,67.7,2,3,3,18,16,0,0,0,0,0,0.048,0.071,0.071,0.429,0.381,0,0,0,0,1,0.952,0.881,0.81,0.381,0,0,0,0
3_10_22,27-03-24,early,0k1j,R12,11:00,281.6,5012,208.8,41,67.7,0,0,0,1,14,9,17,0,0,0,0,0,0,0.024,0.341,0.22,0.415,0,0,1,1,1,1,0.976,0.634,0.415,0,0