genotype,late/early,mg,#_buds,collection,chill_portions_from_Oct1,temp_during_collection_deg_C,rep/plate,pseudoreplicate,abs,time(min),equation,concentration_sample_well(umol/L),dilution_factor,concentration_sample(umol/L),sample_volume_extraction(L),grams_sample,umoles_H2O2/gFW,notes
27-03-25,early,60,4,10_13_2019,6.6,10,1,1,0.094,60,y = 0.0554x + 0.0659,0.507220217,2,1.014440433,0.005,0.06,0.084536703,rep 2 variability is very high for all time points… check notes prior to including -- notes say the plate reader was at 27-28 C at the time of the extraction -- suspicion that the heat in the labs that day caused a lot of noise. The variability is much worse in rep2 than the other 2 reps... we will exclude it in the analysis.  
27-03-25,early,60,4,10_13_2019,6.6,10,1,2,0.088,60,y = 0.0554x + 0.0659,0.398916968,2,0.797833935,0.005,0.06,0.066486161,03-25 did not follow the same trend as standards and other samples for rep1
27-03-25,early,60,4,10_13_2019,6.6,10,1,3,0.128,60,y = 0.0554x + 0.0659,1.120938628,2,2.241877256,0.005,0.06,0.186823105,rep1 11/16/19 - the standard curve's 0 standard was dropped since it was majorly skewing the line
27-03-25,early,60,4,10_13_2019,6.6,10,1,4,0.1,60,y = 0.0554x + 0.0659,0.615523466,2,1.231046931,0.005,0.06,0.102587244,rep1 for 12/20/19 - also dropped 0 standard for an inflated reading
27-03-08,late,40,4,10_13_2019,6.6,10,1,1,0.106,60,y = 0.0554x + 0.0659,0.723826715,2,1.44765343,0.005,0.04,0.180956679,rep1 for 3/23/20 - also dropped 0 standard 
27-03-08,late,40,4,10_13_2019,6.6,10,1,2,0.082,60,y = 0.0554x + 0.0659,0.290613718,2,0.581227437,0.005,0.04,0.07265343,rep3 for 3/23/20 - also dropped 0 (arguably unnecessary)
27-03-08,late,40,4,10_13_2019,6.6,10,1,3,0.079,60,y = 0.0554x + 0.0659,0.236462094,2,0.472924188,0.005,0.04,0.059115523,
27-03-08,late,40,4,10_13_2019,6.6,10,1,4,0.081,60,y = 0.0554x + 0.0659,0.272563177,2,0.545126354,0.005,0.04,0.068140794,
27-02-19,late,33,4,10_13_2019,6.6,7.8,1,1,0.099,60,y = 0.0554x + 0.0659,0.597472924,2,1.194945848,0.005,0.033,0.181052401,
27-02-19,late,33,4,10_13_2019,6.6,7.8,1,2,0.1,60,y = 0.0554x + 0.0659,0.615523466,2,1.231046931,0.005,0.033,0.186522262,
27-02-19,late,33,4,10_13_2019,6.6,7.8,1,3,0.097,60,y = 0.0554x + 0.0659,0.561371841,2,1.122743682,0.005,0.033,0.170112679,
27-02-19,late,33,4,10_13_2019,6.6,7.8,1,4,0.097,60,y = 0.0554x + 0.0659,0.561371841,2,1.122743682,0.005,0.033,0.170112679,
27-04-34,early,99,4,10_13_2019,6.6,10.6,1,1,0.105,60,y = 0.0554x + 0.0659,0.705776173,2,1.411552347,0.005,0.099,0.071290523,
27-04-34,early,99,4,10_13_2019,6.6,10.6,1,2,0.102,60,y = 0.0554x + 0.0659,0.651624549,2,1.303249097,0.005,0.099,0.065820661,
27-04-34,early,99,4,10_13_2019,6.6,10.6,1,3,0.089,60,y = 0.0554x + 0.0659,0.416967509,2,0.833935018,0.005,0.099,0.04211793,
27-04-34,early,99,4,10_13_2019,6.6,10.6,1,4,0.102,60,y = 0.0554x + 0.0659,0.651624549,2,1.303249097,0.005,0.099,0.065820661,
27-03-27,early,77,4,10_13_2019,6.6,9.4,1,1,0.095,60,y = 0.0554x + 0.0659,0.525270758,2,1.050541516,0.005,0.077,0.068216982,
27-03-27,early,77,4,10_13_2019,6.6,9.4,1,2,0.095,60,y = 0.0554x + 0.0659,0.525270758,2,1.050541516,0.005,0.077,0.068216982,
27-03-27,early,77,4,10_13_2019,6.6,9.4,1,3,0.094,60,y = 0.0554x + 0.0659,0.507220217,2,1.014440433,0.005,0.077,0.065872755,
27-03-27,early,77,4,10_13_2019,6.6,9.4,1,4,0.099,60,y = 0.0554x + 0.0659,0.597472924,2,1.194945848,0.005,0.077,0.077593886,
27-02-65,early,56,4,10_13_2019,6.6,7.8,1,1,0.079,60,y = 0.0554x + 0.0659,0.236462094,2,0.472924188,0.005,0.056,0.042225374,
27-02-65,early,56,4,10_13_2019,6.6,7.8,1,2,0.075,60,y = 0.0554x + 0.0659,0.164259928,2,0.328519856,0.005,0.056,0.02933213,
27-02-65,early,56,4,10_13_2019,6.6,7.8,1,3,0.085,60,y = 0.0554x + 0.0659,0.344765343,2,0.689530686,0.005,0.056,0.06156524,
27-02-65,early,56,4,10_13_2019,6.6,7.8,1,4,0.081,60,y = 0.0554x + 0.0659,0.272563177,2,0.545126354,0.005,0.056,0.048671996,
27-03-46,early,48,4,10_13_2019,6.6,9.4,1,1,0.096,60,y = 0.0554x + 0.0659,0.5433213,2,1.086642599,0.005,0.048,0.113191937,
27-03-46,early,48,4,10_13_2019,6.6,9.4,1,2,0.091,60,y = 0.0554x + 0.0659,0.453068592,2,0.906137184,0.005,0.048,0.09438929,
27-03-46,early,48,4,10_13_2019,6.6,9.4,1,3,0.094,60,y = 0.0554x + 0.0659,0.507220217,2,1.014440433,0.005,0.048,0.105670878,
27-03-46,early,48,4,10_13_2019,6.6,9.4,1,4,0.096,60,y = 0.0554x + 0.0659,0.5433213,2,1.086642599,0.005,0.048,0.113191937,
27-04-12,late,37,4,10_13_2019,6.6,10,1,1,0.083,60,y = 0.0554x + 0.0659,0.30866426,2,0.61732852,0.005,0.037,0.083422773,
27-04-12,late,37,4,10_13_2019,6.6,10,1,2,0.083,60,y = 0.0554x + 0.0659,0.30866426,2,0.61732852,0.005,0.037,0.083422773,
27-04-12,late,37,4,10_13_2019,6.6,10,1,3,0.082,60,y = 0.0554x + 0.0659,0.290613718,2,0.581227437,0.005,0.037,0.078544248,
27-04-12,late,37,4,10_13_2019,6.6,10,1,4,0.079,60,y = 0.0554x + 0.0659,0.236462094,2,0.472924188,0.005,0.037,0.063908674,
27-02-08,late,63,4,10_13_2019,6.6,7.8,1,1,0.086,60,y = 0.0554x + 0.0659,0.362815884,2,0.725631769,0.005,0.063,0.057589823,
27-02-08,late,63,4,10_13_2019,6.6,7.8,1,2,0.086,60,y = 0.0554x + 0.0659,0.362815884,2,0.725631769,0.005,0.063,0.057589823,
27-02-08,late,63,4,10_13_2019,6.6,7.8,1,3,0.077,60,y = 0.0554x + 0.0659,0.200361011,2,0.400722022,0.005,0.063,0.031803335,
27-02-08,late,63,4,10_13_2019,6.6,7.8,1,4,0.081,60,y = 0.0554x + 0.0659,0.272563177,2,0.545126354,0.005,0.063,0.043263996,
27-03-28,early,61,4,10_13_2019,6.6,9.4,1,1,0.093,60,y = 0.0554x + 0.0659,0.489169675,2,0.97833935,0.005,0.061,0.08019175,
27-03-28,early,61,4,10_13_2019,6.6,9.4,1,2,0.08,60,y = 0.0554x + 0.0659,0.254512635,2,0.509025271,0.005,0.061,0.041723383,
27-03-28,early,61,4,10_13_2019,6.6,9.4,1,3,0.084,60,y = 0.0554x + 0.0659,0.326714801,2,0.653429603,0.005,0.061,0.053559804,
27-03-28,early,61,4,10_13_2019,6.6,9.4,1,4,0.085,60,y = 0.0554x + 0.0659,0.344765343,2,0.689530686,0.005,0.061,0.056518909,
27-03-25,early,70,4,10_13_2019,6.6,10,3,1,0.083,60,y = 0.0492x + 0.0677,0.31097561,2,0.62195122,0.005,0.07,0.044425087,
27-03-25,early,70,4,10_13_2019,6.6,10,3,2,0.11,60,y = 0.0492x + 0.0677,0.859756098,2,1.719512195,0.005,0.07,0.1228223,
27-03-25,early,70,4,10_13_2019,6.6,10,3,3,0.084,60,y = 0.0492x + 0.0677,0.331300813,2,0.662601626,0.005,0.07,0.047328688,
27-03-25,early,70,4,10_13_2019,6.6,10,3,4,0.085,60,y = 0.0492x + 0.0677,0.351626016,2,0.703252033,0.005,0.07,0.050232288,
27-03-08,late,56,4,10_13_2019,6.6,10,3,1,0.078,60,y = 0.0492x + 0.0677,0.209349593,2,0.418699187,0.005,0.056,0.037383856,
27-03-08,late,56,4,10_13_2019,6.6,10,3,2,0.083,60,y = 0.0492x + 0.0677,0.31097561,2,0.62195122,0.005,0.056,0.055531359,
27-03-08,late,56,4,10_13_2019,6.6,10,3,3,0.082,60,y = 0.0492x + 0.0677,0.290650407,2,0.581300813,0.005,0.056,0.051901858,
27-03-08,late,56,4,10_13_2019,6.6,10,3,4,0.083,60,y = 0.0492x + 0.0677,0.31097561,2,0.62195122,0.005,0.056,0.055531359,
27-02-19,late,44,4,10_13_2019,6.6,7.8,3,1,0.082,60,y = 0.0492x + 0.0677,0.290650407,2,0.581300813,0.005,0.044,0.066056911,
27-02-19,late,44,4,10_13_2019,6.6,7.8,3,2,0.088,60,y = 0.0492x + 0.0677,0.412601626,2,0.825203252,0.005,0.044,0.093773097,
27-02-19,late,44,4,10_13_2019,6.6,7.8,3,3,0.083,60,y = 0.0492x + 0.0677,0.31097561,2,0.62195122,0.005,0.044,0.070676275,
27-02-19,late,44,4,10_13_2019,6.6,7.8,3,4,0.084,60,y = 0.0492x + 0.0677,0.331300813,2,0.662601626,0.005,0.044,0.075295639,
27-04-34,early,95,4,10_13_2019,6.6,10.6,3,1,0.078,60,y = 0.0492x + 0.0677,0.209349593,2,0.418699187,0.005,0.095,0.022036799,
27-04-34,early,95,4,10_13_2019,6.6,10.6,3,2,0.088,60,y = 0.0492x + 0.0677,0.412601626,2,0.825203252,0.005,0.095,0.04343175,
27-04-34,early,95,4,10_13_2019,6.6,10.6,3,3,0.087,60,y = 0.0492x + 0.0677,0.392276423,2,0.784552846,0.005,0.095,0.041292255,
27-04-34,early,95,4,10_13_2019,6.6,10.6,3,4,0.085,60,y = 0.0492x + 0.0677,0.351626016,2,0.703252033,0.005,0.095,0.037013265,
27-03-27,early,70,4,10_13_2019,6.6,9.4,3,1,0.087,60,y = 0.0492x + 0.0677,0.392276423,2,0.784552846,0.005,0.07,0.056039489,
27-03-27,early,70,4,10_13_2019,6.6,9.4,3,2,0.084,60,y = 0.0492x + 0.0677,0.331300813,2,0.662601626,0.005,0.07,0.047328688,
27-03-27,early,70,4,10_13_2019,6.6,9.4,3,3,0.093,60,y = 0.0492x + 0.0677,0.514227642,2,1.028455285,0.005,0.07,0.073461092,
27-03-27,early,70,4,10_13_2019,6.6,9.4,3,4,0.089,60,y = 0.0492x + 0.0677,0.432926829,2,0.865853659,0.005,0.07,0.06184669,
27-02-65,early,57,4,10_13_2019,6.6,7.8,3,1,0.081,60,y = 0.0492x + 0.0677,0.270325203,2,0.540650407,0.005,0.057,0.047425474,
27-02-65,early,57,4,10_13_2019,6.6,7.8,3,2,0.085,60,y = 0.0492x + 0.0677,0.351626016,2,0.703252033,0.005,0.057,0.061688775,
27-02-65,early,57,4,10_13_2019,6.6,7.8,3,3,0.094,60,y = 0.0492x + 0.0677,0.534552846,2,1.069105691,0.005,0.057,0.093781201,
27-02-65,early,57,4,10_13_2019,6.6,7.8,3,4,0.084,60,y = 0.0492x + 0.0677,0.331300813,2,0.662601626,0.005,0.057,0.05812295,
27-03-46,early,47,4,10_13_2019,6.6,9.4,3,1,0.081,60,y = 0.0492x + 0.0677,0.270325203,2,0.540650407,0.005,0.047,0.057516001,
27-03-46,early,47,4,10_13_2019,6.6,9.4,3,2,0.084,60,y = 0.0492x + 0.0677,0.331300813,2,0.662601626,0.005,0.047,0.070489535,
27-03-46,early,47,4,10_13_2019,6.6,9.4,3,3,0.089,60,y = 0.0492x + 0.0677,0.432926829,2,0.865853659,0.005,0.047,0.092112091,
27-03-46,early,47,4,10_13_2019,6.6,9.4,3,4,0.085,60,y = 0.0492x + 0.0677,0.351626016,2,0.703252033,0.005,0.047,0.074814046,
27-04-12,late,44,4,10_13_2019,6.6,10,3,1,0.084,60,y = 0.0492x + 0.0677,0.331300813,2,0.662601626,0.005,0.044,0.075295639,
27-04-12,late,44,4,10_13_2019,6.6,10,3,2,0.081,60,y = 0.0492x + 0.0677,0.270325203,2,0.540650407,0.005,0.044,0.061437546,
27-04-12,late,44,4,10_13_2019,6.6,10,3,3,0.081,60,y = 0.0492x + 0.0677,0.270325203,2,0.540650407,0.005,0.044,0.061437546,
27-04-12,late,44,4,10_13_2019,6.6,10,3,4,0.086,60,y = 0.0492x + 0.0677,0.37195122,2,0.743902439,0.005,0.044,0.084534368,
27-02-08,late,87,4,10_13_2019,6.6,7.8,3,1,0.086,60,y = 0.0492x + 0.0677,0.37195122,2,0.743902439,0.005,0.087,0.042753014,
27-02-08,late,87,4,10_13_2019,6.6,7.8,3,2,0.081,60,y = 0.0492x + 0.0677,0.270325203,2,0.540650407,0.005,0.087,0.031071862,
27-02-08,late,87,4,10_13_2019,6.6,7.8,3,3,0.083,60,y = 0.0492x + 0.0677,0.31097561,2,0.62195122,0.005,0.087,0.035744323,
27-02-08,late,87,4,10_13_2019,6.6,7.8,3,4,0.078,60,y = 0.0492x + 0.0677,0.209349593,2,0.418699187,0.005,0.087,0.024063172,
27-03-28,early,73,4,10_13_2019,6.6,9.4,3,1,0.076,60,y = 0.0492x + 0.0677,0.168699187,2,0.337398374,0.005,0.073,0.023109478,
27-03-28,early,73,4,10_13_2019,6.6,9.4,3,2,0.079,60,y = 0.0492x + 0.0677,0.229674797,2,0.459349593,0.005,0.073,0.031462301,
27-03-28,early,73,4,10_13_2019,6.6,9.4,3,3,0.092,60,y = 0.0492x + 0.0677,0.493902439,2,0.987804878,0.005,0.073,0.067657868,
27-03-28,early,73,4,10_13_2019,6.6,9.4,3,4,0.08,60,y = 0.0492x + 0.0677,0.25,2,0.5,0.005,0.073,0.034246575,
27-03-25,early,45,4,11_16_2019,26.6,-0.6,1,1,0.06,60,y = 0.0263x + 0.0306,1.117870722,2,2.235741445,0.005,0.045,0.248415716,"only 9 trees - and on top of this, 3 trees had stupid high variability in their readings >.<; dropped 0 from standard curve"
27-03-25,early,45,4,11_16_2019,26.6,-0.6,1,2,0.06,60,y = 0.0263x + 0.0306,1.117870722,2,2.235741445,0.005,0.045,0.248415716,
27-03-25,early,45,4,11_16_2019,26.6,-0.6,1,3,0.061,60,y = 0.0263x + 0.0306,1.155893536,2,2.311787072,0.005,0.045,0.25686523,
27-03-25,early,45,4,11_16_2019,26.6,-0.6,1,4,0.053,60,y = 0.0263x + 0.0306,0.851711027,2,1.703422053,0.005,0.045,0.189269117,
27-03-08,late,44,4,11_16_2019,26.6,0.6,1,1,0.036,60,y = 0.0263x + 0.0306,0.205323194,2,0.410646388,0.005,0.044,0.046664362,
27-03-08,late,44,4,11_16_2019,26.6,0.6,1,2,0.037,60,y = 0.0263x + 0.0306,0.243346008,2,0.486692015,0.005,0.044,0.055305911,
27-03-08,late,44,4,11_16_2019,26.6,0.6,1,3,0.035,60,y = 0.0263x + 0.0306,0.16730038,2,0.33460076,0.005,0.044,0.038022814,
27-03-08,late,44,4,11_16_2019,26.6,0.6,1,4,0.03,60,y = 0.0263x + 0.0306,-0.022813688,2,-0.045627376,0.005,0.044,-0.005184929,
27-02-19,late,84,4,11_16_2019,26.6,-1.7,1,1,0.072,60,y = 0.0263x + 0.0306,1.574144487,2,3.148288973,0.005,0.084,0.187398153,
27-02-19,late,84,4,11_16_2019,26.6,-1.7,1,2,0.072,60,y = 0.0263x + 0.0306,1.574144487,2,3.148288973,0.005,0.084,0.187398153,
27-02-19,late,84,4,11_16_2019,26.6,-1.7,1,3,0.067,60,y = 0.0263x + 0.0306,1.384030418,2,2.768060837,0.005,0.084,0.164765526,
27-02-19,late,84,4,11_16_2019,26.6,-1.7,1,4,0.066,60,y = 0.0263x + 0.0306,1.346007605,2,2.692015209,0.005,0.084,0.160239001,
27-04-34,early,69,4,11_16_2019,26.6,0.6,1,1,0.057,60,y = 0.0263x + 0.0306,1.003802281,2,2.007604563,0.005,0.069,0.145478592,
27-04-34,early,69,4,11_16_2019,26.6,0.6,1,2,0.059,60,y = 0.0263x + 0.0306,1.079847909,2,2.159695817,0.005,0.069,0.156499697,
27-04-34,early,69,4,11_16_2019,26.6,0.6,1,3,0.058,60,y = 0.0263x + 0.0306,1.041825095,2,2.08365019,0.005,0.069,0.150989144,
27-04-34,early,69,4,11_16_2019,26.6,0.6,1,4,0.047,60,y = 0.0263x + 0.0306,0.623574144,2,1.247148289,0.005,0.069,0.090373064,
27-03-27,early,54,4,11_16_2019,26.6,-0.6,1,1,0.038,60,y = 0.0263x + 0.0306,0.281368821,2,0.562737643,0.005,0.054,0.052105337,
27-03-27,early,54,4,11_16_2019,26.6,-0.6,1,2,0.035,60,y = 0.0263x + 0.0306,0.16730038,2,0.33460076,0.005,0.054,0.030981552,
27-03-27,early,54,4,11_16_2019,26.6,-0.6,1,3,0.027,60,y = 0.0263x + 0.0306,-0.136882129,2,-0.273764259,0.005,0.054,-0.025348542,
27-03-27,early,54,4,11_16_2019,26.6,-0.6,1,4,0.019,60,y = 0.0263x + 0.0306,-0.441064639,2,-0.882129278,0.005,0.054,-0.081678637,
27-02-65,early,45,4,11_16_2019,26.6,-1.7,1,1,0.044,60,y = 0.0263x + 0.0306,0.509505703,2,1.019011407,0.005,0.045,0.11322349,
27-02-65,early,45,4,11_16_2019,26.6,-1.7,1,2,0.039,60,y = 0.0263x + 0.0306,0.319391635,2,0.63878327,0.005,0.045,0.070975919,
27-02-65,early,45,4,11_16_2019,26.6,-1.7,1,3,0.047,60,y = 0.0263x + 0.0306,0.623574144,2,1.247148289,0.005,0.045,0.138572032,
27-02-65,early,45,4,11_16_2019,26.6,-1.7,1,4,0.04,60,y = 0.0263x + 0.0306,0.357414449,2,0.714828897,0.005,0.045,0.079425433,
27-03-46,early,61,4,11_16_2019,26.6,-1.7,1,1,0.027,60,y = 0.0263x + 0.0306,-0.136882129,2,-0.273764259,0.005,0.061,-0.022439693,
27-03-46,early,61,4,11_16_2019,26.6,-1.7,1,2,0.062,60,y = 0.0263x + 0.0306,1.19391635,2,2.3878327,0.005,0.061,0.195723992,
27-03-46,early,61,4,11_16_2019,26.6,-1.7,1,3,0.055,60,y = 0.0263x + 0.0306,0.927756654,2,1.855513308,0.005,0.061,0.152091255,
27-03-46,early,61,4,11_16_2019,26.6,-1.7,1,4,0.049,60,y = 0.0263x + 0.0306,0.699619772,2,1.399239544,0.005,0.061,0.114691766,
27-04-12,late,31,4,11_16_2019,26.6,0.6,1,1,0.025,60,y = 0.0263x + 0.0306,-0.212927757,2,-0.425855513,0.005,0.031,-0.068686373,
27-04-12,late,31,4,11_16_2019,26.6,0.6,1,2,0.021,60,y = 0.0263x + 0.0306,-0.365019011,2,-0.730038023,0.005,0.031,-0.117748068,
27-04-12,late,31,4,11_16_2019,26.6,0.6,1,3,0.018,60,y = 0.0263x + 0.0306,-0.479087452,2,-0.958174905,0.005,0.031,-0.15454434,
27-04-12,late,31,4,11_16_2019,26.6,0.6,1,4,0.007,60,y = 0.0263x + 0.0306,-0.897338403,2,-1.794676806,0.005,0.031,-0.289464001,
27-02-08,late,58,4,11_16_2019,26.6,-1.7,1,1,0.058,60,y = 0.0263x + 0.0306,1.041825095,2,2.08365019,0.005,0.058,0.179625016,
27-02-08,late,58,4,11_16_2019,26.6,-1.7,1,2,0.055,60,y = 0.0263x + 0.0306,0.927756654,2,1.855513308,0.005,0.058,0.159958044,
27-02-08,late,58,4,11_16_2019,26.6,-1.7,1,3,0.057,60,y = 0.0263x + 0.0306,1.003802281,2,2.007604563,0.005,0.058,0.173069359,
27-02-08,late,58,4,11_16_2019,26.6,-1.7,1,4,0.051,60,y = 0.0263x + 0.0306,0.775665399,2,1.551330798,0.005,0.058,0.133735414,
27-03-28,early,NA,NA,11_16_2019,26.6,-0.6,1,1,NA,60,y = 0.0263x + 0.0306,NA,2,NA,0.005,NA,NA,
27-03-28,early,NA,NA,11_16_2019,26.6,-0.6,1,2,NA,60,y = 0.0263x + 0.0306,NA,2,NA,0.005,NA,NA,
27-03-28,early,NA,NA,11_16_2019,26.6,-0.6,1,3,NA,60,y = 0.0263x + 0.0306,NA,2,NA,0.005,NA,NA,
27-03-28,early,NA,NA,11_16_2019,26.6,-0.6,1,4,NA,60,y = 0.0263x + 0.0306,NA,2,NA,0.005,NA,NA,
27-03-25,early,69,4,11_16_2019,26.6,-0.6,2,1,0.058,60,y = 0.0497x + 0.0244,0.676056338,2,1.352112676,0.005,0.069,0.097979179,
27-03-25,early,69,4,11_16_2019,26.6,-0.6,2,2,0.061,60,y = 0.0497x + 0.0244,0.736418511,2,1.472837022,0.005,0.069,0.10672732,
27-03-25,early,69,4,11_16_2019,26.6,-0.6,2,3,0.063,60,y = 0.0497x + 0.0244,0.77665996,2,1.55331992,0.005,0.069,0.112559414,
27-03-25,early,69,4,11_16_2019,26.6,-0.6,2,4,0.065,60,y = 0.0497x + 0.0244,0.816901408,2,1.633802817,0.005,0.069,0.118391508,
27-03-08,late,68,4,11_16_2019,26.6,0.6,2,1,0.054,60,y = 0.0497x + 0.0244,0.595573441,2,1.191146881,0.005,0.068,0.08758433,
27-03-08,late,68,4,11_16_2019,26.6,0.6,2,2,0.057,60,y = 0.0497x + 0.0244,0.655935614,2,1.311871227,0.005,0.068,0.09646112,
27-03-08,late,68,4,11_16_2019,26.6,0.6,2,3,0.054,60,y = 0.0497x + 0.0244,0.595573441,2,1.191146881,0.005,0.068,0.08758433,
27-03-08,late,68,4,11_16_2019,26.6,0.6,2,4,0.056,60,y = 0.0497x + 0.0244,0.635814889,2,1.271629779,0.005,0.068,0.09350219,
27-02-19,late,49,4,11_16_2019,26.6,-1.7,2,1,0.056,60,y = 0.0497x + 0.0244,0.635814889,2,1.271629779,0.005,0.049,0.129758141,
27-02-19,late,49,4,11_16_2019,26.6,-1.7,2,2,0.063,60,y = 0.0497x + 0.0244,0.77665996,2,1.55331992,0.005,0.049,0.158502033,
27-02-19,late,49,4,11_16_2019,26.6,-1.7,2,3,0.077,60,y = 0.0497x + 0.0244,1.058350101,2,2.116700201,0.005,0.049,0.215989816,
27-02-19,late,49,4,11_16_2019,26.6,-1.7,2,4,0.061,60,y = 0.0497x + 0.0244,0.736418511,2,1.472837022,0.005,0.049,0.150289492,
27-04-34,early,71,4,11_16_2019,26.6,0.6,2,1,0.054,60,y = 0.0497x + 0.0244,0.595573441,2,1.191146881,0.005,0.071,0.083883583,
27-04-34,early,71,4,11_16_2019,26.6,0.6,2,2,0.057,60,y = 0.0497x + 0.0244,0.655935614,2,1.311871227,0.005,0.071,0.092385298,
27-04-34,early,71,4,11_16_2019,26.6,0.6,2,3,0.06,60,y = 0.0497x + 0.0244,0.716297787,2,1.432595573,0.005,0.071,0.100887012,
27-04-34,early,71,4,11_16_2019,26.6,0.6,2,4,0.055,60,y = 0.0497x + 0.0244,0.615694165,2,1.23138833,0.005,0.071,0.086717488,
27-03-27,early,74,4,11_16_2019,26.6,-0.6,2,1,0.048,60,y = 0.0497x + 0.0244,0.474849095,2,0.949698189,0.005,0.074,0.064168797,
27-03-27,early,74,4,11_16_2019,26.6,-0.6,2,2,0.06,60,y = 0.0497x + 0.0244,0.716297787,2,1.432595573,0.005,0.074,0.096796998,
27-03-27,early,74,4,11_16_2019,26.6,-0.6,2,3,0.049,60,y = 0.0497x + 0.0244,0.494969819,2,0.989939638,0.005,0.074,0.066887813,
27-03-27,early,74,4,11_16_2019,26.6,-0.6,2,4,0.058,60,y = 0.0497x + 0.0244,0.676056338,2,1.352112676,0.005,0.074,0.091358965,
27-02-65,early,53,4,11_16_2019,26.6,-1.7,2,1,0.066,60,y = 0.0497x + 0.0244,0.837022133,2,1.674044266,0.005,0.053,0.157928704,
27-02-65,early,53,4,11_16_2019,26.6,-1.7,2,2,0.063,60,y = 0.0497x + 0.0244,0.77665996,2,1.55331992,0.005,0.053,0.146539615,
27-02-65,early,53,4,11_16_2019,26.6,-1.7,2,3,0.065,60,y = 0.0497x + 0.0244,0.816901408,2,1.633802817,0.005,0.053,0.154132341,
27-02-65,early,53,4,11_16_2019,26.6,-1.7,2,4,0.056,60,y = 0.0497x + 0.0244,0.635814889,2,1.271629779,0.005,0.053,0.119965073,
27-03-46,early,54,4,11_16_2019,26.6,-1.7,2,1,0.049,60,y = 0.0497x + 0.0244,0.494969819,2,0.989939638,0.005,0.054,0.091661078,
27-03-46,early,54,4,11_16_2019,26.6,-1.7,2,2,0.043,60,y = 0.0497x + 0.0244,0.374245473,2,0.748490946,0.005,0.054,0.069304717,
27-03-46,early,54,4,11_16_2019,26.6,-1.7,2,3,0.041,60,y = 0.0497x + 0.0244,0.334004024,2,0.668008048,0.005,0.054,0.061852597,
27-03-46,early,54,4,11_16_2019,26.6,-1.7,2,4,0.041,60,y = 0.0497x + 0.0244,0.334004024,2,0.668008048,0.005,0.054,0.061852597,
27-04-12,late,40,4,11_16_2019,26.6,0.6,2,1,0.05,60,y = 0.0497x + 0.0244,0.515090543,2,1.030181087,0.005,0.04,0.128772636,
27-04-12,late,40,4,11_16_2019,26.6,0.6,2,2,0.055,60,y = 0.0497x + 0.0244,0.615694165,2,1.23138833,0.005,0.04,0.153923541,
27-04-12,late,40,4,11_16_2019,26.6,0.6,2,3,0.052,60,y = 0.0497x + 0.0244,0.555331992,2,1.110663984,0.005,0.04,0.138832998,
27-04-12,late,40,4,11_16_2019,26.6,0.6,2,4,0.044,60,y = 0.0497x + 0.0244,0.394366197,2,0.788732394,0.005,0.04,0.098591549,
27-02-08,late,39,4,11_16_2019,26.6,-1.7,2,1,0.053,60,y = 0.0497x + 0.0244,0.575452716,2,1.150905433,0.005,0.039,0.147551979,
27-02-08,late,39,4,11_16_2019,26.6,-1.7,2,2,0.057,60,y = 0.0497x + 0.0244,0.655935614,2,1.311871227,0.005,0.039,0.168188619,
27-02-08,late,39,4,11_16_2019,26.6,-1.7,2,3,0.055,60,y = 0.0497x + 0.0244,0.615694165,2,1.23138833,0.005,0.039,0.157870299,
27-02-08,late,39,4,11_16_2019,26.6,-1.7,2,4,0.055,60,y = 0.0497x + 0.0244,0.615694165,2,1.23138833,0.005,0.039,0.157870299,
27-03-28,early,53,4,11_16_2019,26.6,-0.6,2,1,0.057,60,y = 0.0497x + 0.0244,0.655935614,2,1.311871227,0.005,0.053,0.123761437,
27-03-28,early,53,4,11_16_2019,26.6,-0.6,2,2,0.061,60,y = 0.0497x + 0.0244,0.736418511,2,1.472837022,0.005,0.053,0.138946889,
27-03-28,early,53,4,11_16_2019,26.6,-0.6,2,3,0.058,60,y = 0.0497x + 0.0244,0.676056338,2,1.352112676,0.005,0.053,0.1275578,
27-03-28,early,53,4,11_16_2019,26.6,-0.6,2,4,0.052,60,y = 0.0497x + 0.0244,0.555331992,2,1.110663984,0.005,0.053,0.104779621,
27-03-25,early,60,4,11_16_2019,26.6,-0.6,3,1,0.067,60,y = 0.0557x + 0.024,0.771992819,2,1.543985637,0.005,0.06,0.12866547,04-12 was lost during extraction. 
27-03-25,early,60,4,11_16_2019,26.6,-0.6,3,2,0.062,60,y = 0.0557x + 0.024,0.682226212,2,1.364452424,0.005,0.06,0.113704369,
27-03-25,early,60,4,11_16_2019,26.6,-0.6,3,3,0.06,60,y = 0.0557x + 0.024,0.646319569,2,1.292639138,0.005,0.06,0.107719928,
27-03-25,early,60,4,11_16_2019,26.6,-0.6,3,4,0.06,60,y = 0.0557x + 0.024,0.646319569,2,1.292639138,0.005,0.06,0.107719928,
27-03-08,late,37,4,11_16_2019,26.6,0.6,3,1,0.049,60,y = 0.0557x + 0.024,0.448833034,2,0.897666068,0.005,0.037,0.121306225,
27-03-08,late,37,4,11_16_2019,26.6,0.6,3,2,0.049,60,y = 0.0557x + 0.024,0.448833034,2,0.897666068,0.005,0.037,0.121306225,
27-03-08,late,37,4,11_16_2019,26.6,0.6,3,3,0.049,60,y = 0.0557x + 0.024,0.448833034,2,0.897666068,0.005,0.037,0.121306225,
27-03-08,late,37,4,11_16_2019,26.6,0.6,3,4,0.041,60,y = 0.0557x + 0.024,0.305206463,2,0.610412926,0.005,0.037,0.082488233,
27-02-19,late,51,4,11_16_2019,26.6,-1.7,3,1,0.057,60,y = 0.0557x + 0.024,0.592459605,2,1.18491921,0.005,0.051,0.11616855,
27-02-19,late,51,4,11_16_2019,26.6,-1.7,3,2,0.059,60,y = 0.0557x + 0.024,0.628366248,2,1.256732496,0.005,0.051,0.123209068,
27-02-19,late,51,4,11_16_2019,26.6,-1.7,3,3,0.059,60,y = 0.0557x + 0.024,0.628366248,2,1.256732496,0.005,0.051,0.123209068,
27-02-19,late,51,4,11_16_2019,26.6,-1.7,3,4,0.055,60,y = 0.0557x + 0.024,0.556552962,2,1.113105925,0.005,0.051,0.109128032,
27-04-34,early,64,4,11_16_2019,26.6,0.6,3,1,0.051,60,y = 0.0557x + 0.024,0.484739677,2,0.969479354,0.005,0.064,0.075740575,
27-04-34,early,64,4,11_16_2019,26.6,0.6,3,2,0.053,60,y = 0.0557x + 0.024,0.52064632,2,1.041292639,0.005,0.064,0.081350987,
27-04-34,early,64,4,11_16_2019,26.6,0.6,3,3,0.058,60,y = 0.0557x + 0.024,0.610412926,2,1.220825853,0.005,0.064,0.09537702,
27-04-34,early,64,4,11_16_2019,26.6,0.6,3,4,0.049,60,y = 0.0557x + 0.024,0.448833034,2,0.897666068,0.005,0.064,0.070130162,
27-03-27,early,67,4,11_16_2019,26.6,-0.6,3,1,0.061,60,y = 0.0557x + 0.024,0.66427289,2,1.328545781,0.005,0.067,0.099145208,
27-03-27,early,67,4,11_16_2019,26.6,-0.6,3,2,0.057,60,y = 0.0557x + 0.024,0.592459605,2,1.18491921,0.005,0.067,0.088426807,
27-03-27,early,67,4,11_16_2019,26.6,-0.6,3,3,0.055,60,y = 0.0557x + 0.024,0.556552962,2,1.113105925,0.005,0.067,0.083067606,
27-03-27,early,67,4,11_16_2019,26.6,-0.6,3,4,0.059,60,y = 0.0557x + 0.024,0.628366248,2,1.256732496,0.005,0.067,0.093786007,
27-02-65,early,50,4,11_16_2019,26.6,-1.7,3,1,0.055,60,y = 0.0557x + 0.024,0.556552962,2,1.113105925,0.005,0.05,0.111310592,
27-02-65,early,50,4,11_16_2019,26.6,-1.7,3,2,0.053,60,y = 0.0557x + 0.024,0.52064632,2,1.041292639,0.005,0.05,0.104129264,
27-02-65,early,50,4,11_16_2019,26.6,-1.7,3,3,0.054,60,y = 0.0557x + 0.024,0.538599641,2,1.077199282,0.005,0.05,0.107719928,
27-02-65,early,50,4,11_16_2019,26.6,-1.7,3,4,0.053,60,y = 0.0557x + 0.024,0.52064632,2,1.041292639,0.005,0.05,0.104129264,
27-03-46,early,44,4,11_16_2019,26.6,-1.7,3,1,0.054,60,y = 0.0557x + 0.024,0.538599641,2,1.077199282,0.005,0.044,0.122409009,
27-03-46,early,44,4,11_16_2019,26.6,-1.7,3,2,0.059,60,y = 0.0557x + 0.024,0.628366248,2,1.256732496,0.005,0.044,0.142810511,
27-03-46,early,44,4,11_16_2019,26.6,-1.7,3,3,0.055,60,y = 0.0557x + 0.024,0.556552962,2,1.113105925,0.005,0.044,0.12648931,
27-03-46,early,44,4,11_16_2019,26.6,-1.7,3,4,0.049,60,y = 0.0557x + 0.024,0.448833034,2,0.897666068,0.005,0.044,0.102007508,
27-04-12,late,NA,4,11_16_2019,26.6,0.6,3,1,NA,60,y = 0.0557x + 0.024,NA,2,NA,0.005,NA,NA,
27-04-12,late,NA,4,11_16_2019,26.6,0.6,3,2,NA,60,y = 0.0557x + 0.024,NA,2,NA,0.005,NA,NA,
27-04-12,late,NA,4,11_16_2019,26.6,0.6,3,3,NA,60,y = 0.0557x + 0.024,NA,2,NA,0.005,NA,NA,
27-04-12,late,NA,4,11_16_2019,26.6,0.6,3,4,NA,60,y = 0.0557x + 0.024,NA,2,NA,0.005,NA,NA,
27-02-08,late,69,4,11_16_2019,26.6,-1.7,3,1,0.06,60,y = 0.0557x + 0.024,0.646319569,2,1.292639138,0.005,0.069,0.093669503,
27-02-08,late,69,4,11_16_2019,26.6,-1.7,3,2,0.064,60,y = 0.0557x + 0.024,0.718132855,2,1.436265709,0.005,0.069,0.104077225,
27-02-08,late,69,4,11_16_2019,26.6,-1.7,3,3,0.062,60,y = 0.0557x + 0.024,0.682226212,2,1.364452424,0.005,0.069,0.098873364,
27-02-08,late,69,4,11_16_2019,26.6,-1.7,3,4,0.062,60,y = 0.0557x + 0.024,0.682226212,2,1.364452424,0.005,0.069,0.098873364,
27-03-28,early,55,4,11_16_2019,26.6,-0.6,3,1,0.037,60,y = 0.0557x + 0.024,0.233393178,2,0.466786355,0.005,0.055,0.042435123,
27-03-28,early,55,4,11_16_2019,26.6,-0.6,3,2,0.035,60,y = 0.0557x + 0.024,0.197486535,2,0.39497307,0.005,0.055,0.035906643,
27-03-28,early,55,4,11_16_2019,26.6,-0.6,3,3,0.033,60,y = 0.0557x + 0.024,0.161579892,2,0.323159785,0.005,0.055,0.029378162,
27-03-28,early,55,4,11_16_2019,26.6,-0.6,3,4,0.042,60,y = 0.0557x + 0.024,0.323159785,2,0.646319569,0.005,0.055,0.058756324,
27-03-25,early,59,4,12_20_2019,43.7,0,1,1,0.065,60,y = 0.0391x + 0.0435,0.549872123,2,1.099744246,0.005,0.059,0.093198665,
27-03-25,early,59,4,12_20_2019,43.7,0,1,2,0.05,60,y = 0.0391x + 0.0435,0.166240409,2,0.332480818,0.005,0.059,0.028176341,
27-03-25,early,59,4,12_20_2019,43.7,0,1,3,0.056,60,y = 0.0391x + 0.0435,0.319693095,2,0.639386189,0.005,0.059,0.05418527,
27-03-25,early,59,4,12_20_2019,43.7,0,1,4,0.058,60,y = 0.0391x + 0.0435,0.37084399,2,0.74168798,0.005,0.059,0.062854914,
27-03-08,late,49,4,12_20_2019,43.7,0,1,1,0.059,60,y = 0.0391x + 0.0435,0.396419437,2,0.792838875,0.005,0.049,0.080901926,
27-03-08,late,49,4,12_20_2019,43.7,0,1,2,0.066,60,y = 0.0391x + 0.0435,0.57544757,2,1.150895141,0.005,0.049,0.11743828,
27-03-08,late,49,4,12_20_2019,43.7,0,1,3,0.072,60,y = 0.0391x + 0.0435,0.728900256,2,1.457800512,0.005,0.049,0.148755154,
27-03-08,late,49,4,12_20_2019,43.7,0,1,4,0.065,60,y = 0.0391x + 0.0435,0.549872123,2,1.099744246,0.005,0.049,0.112218801,
27-02-19,late,53,4,12_20_2019,43.7,-0.6,1,1,0.064,60,y = 0.0391x + 0.0435,0.524296675,2,1.04859335,0.005,0.053,0.098923901,
27-02-19,late,53,4,12_20_2019,43.7,-0.6,1,2,0.067,60,y = 0.0391x + 0.0435,0.601023018,2,1.202046036,0.005,0.053,0.113400569,
27-02-19,late,53,4,12_20_2019,43.7,-0.6,1,3,0.071,60,y = 0.0391x + 0.0435,0.703324808,2,1.406649616,0.005,0.053,0.132702794,
27-02-19,late,53,4,12_20_2019,43.7,-0.6,1,4,0.065,60,y = 0.0391x + 0.0435,0.549872123,2,1.099744246,0.005,0.053,0.103749457,
27-04-34,early,93,4,12_20_2019,43.7,1.1,1,1,0.068,60,y = 0.0391x + 0.0435,0.626598465,2,1.253196931,0.005,0.093,0.067376179,
27-04-34,early,93,4,12_20_2019,43.7,1.1,1,2,0.06,60,y = 0.0391x + 0.0435,0.421994885,2,0.84398977,0.005,0.093,0.045375794,
27-04-34,early,93,4,12_20_2019,43.7,1.1,1,3,0.056,60,y = 0.0391x + 0.0435,0.319693095,2,0.639386189,0.005,0.093,0.034375602,
27-04-34,early,93,4,12_20_2019,43.7,1.1,1,4,0.06,60,y = 0.0391x + 0.0435,0.421994885,2,0.84398977,0.005,0.093,0.045375794,
27-03-27,early,60,4,12_20_2019,43.7,0,1,1,0.057,60,y = 0.0391x + 0.0435,0.345268542,2,0.690537084,0.005,0.06,0.057544757,
27-03-27,early,60,4,12_20_2019,43.7,0,1,2,0.065,60,y = 0.0391x + 0.0435,0.549872123,2,1.099744246,0.005,0.06,0.091645354,
27-03-27,early,60,4,12_20_2019,43.7,0,1,3,0.066,60,y = 0.0391x + 0.0435,0.57544757,2,1.150895141,0.005,0.06,0.095907928,
27-03-27,early,60,4,12_20_2019,43.7,0,1,4,0.065,60,y = 0.0391x + 0.0435,0.549872123,2,1.099744246,0.005,0.06,0.091645354,
27-02-65,early,68,4,12_20_2019,43.7,-0.6,1,1,0.087,60,y = 0.0391x + 0.0435,1.112531969,2,2.225063939,0.005,0.068,0.163607643,
27-02-65,early,68,4,12_20_2019,43.7,-0.6,1,2,0.083,60,y = 0.0391x + 0.0435,1.010230179,2,2.020460358,0.005,0.068,0.148563262,
27-02-65,early,68,4,12_20_2019,43.7,-0.6,1,3,0.07,60,y = 0.0391x + 0.0435,0.677749361,2,1.355498721,0.005,0.068,0.099669024,
27-02-65,early,68,4,12_20_2019,43.7,-0.6,1,4,0.07,60,y = 0.0391x + 0.0435,0.677749361,2,1.355498721,0.005,0.068,0.099669024,
27-03-46,early,44,4,12_20_2019,43.7,-0.6,1,1,0.074,60,y = 0.0391x + 0.0435,0.780051151,2,1.560102302,0.005,0.044,0.177284352,
27-03-46,early,44,4,12_20_2019,43.7,-0.6,1,2,0.059,60,y = 0.0391x + 0.0435,0.396419437,2,0.792838875,0.005,0.044,0.090095327,
27-03-46,early,44,4,12_20_2019,43.7,-0.6,1,3,0.057,60,y = 0.0391x + 0.0435,0.345268542,2,0.690537084,0.005,0.044,0.078470123,
27-03-46,early,44,4,12_20_2019,43.7,-0.6,1,4,0.06,60,y = 0.0391x + 0.0435,0.421994885,2,0.84398977,0.005,0.044,0.095907928,
27-04-12,late,43,4,12_20_2019,43.7,0,1,1,0.06,60,y = 0.0391x + 0.0435,0.421994885,2,0.84398977,0.005,0.043,0.098138345,
27-04-12,late,43,4,12_20_2019,43.7,0,1,2,0.062,60,y = 0.0391x + 0.0435,0.47314578,2,0.94629156,0.005,0.043,0.110033902,
27-04-12,late,43,4,12_20_2019,43.7,0,1,3,0.062,60,y = 0.0391x + 0.0435,0.47314578,2,0.94629156,0.005,0.043,0.110033902,
27-04-12,late,43,4,12_20_2019,43.7,0,1,4,0.06,60,y = 0.0391x + 0.0435,0.421994885,2,0.84398977,0.005,0.043,0.098138345,
27-02-08,late,33,4,12_20_2019,43.7,-1.7,1,1,0.052,60,y = 0.0391x + 0.0435,0.217391304,2,0.434782609,0.005,0.033,0.065876153,
27-02-08,late,33,4,12_20_2019,43.7,-1.7,1,2,0.059,60,y = 0.0391x + 0.0435,0.396419437,2,0.792838875,0.005,0.033,0.120127102,
27-02-08,late,33,4,12_20_2019,43.7,-1.7,1,3,0.055,60,y = 0.0391x + 0.0435,0.294117647,2,0.588235294,0.005,0.033,0.08912656,
27-02-08,late,33,4,12_20_2019,43.7,-1.7,1,4,0.057,60,y = 0.0391x + 0.0435,0.345268542,2,0.690537084,0.005,0.033,0.104626831,
27-03-28,early,91,4,12_20_2019,43.7,-0.6,1,1,0.089,60,y = 0.0391x + 0.0435,1.163682864,2,2.327365729,0.005,0.091,0.127877238,
27-03-28,early,91,4,12_20_2019,43.7,-0.6,1,2,0.116,60,y = 0.0391x + 0.0435,1.854219949,2,3.708439898,0.005,0.091,0.203760434,
27-03-28,early,91,4,12_20_2019,43.7,-0.6,1,3,0.106,60,y = 0.0391x + 0.0435,1.598465473,2,3.196930946,0.005,0.091,0.175655546,
27-03-28,early,91,4,12_20_2019,43.7,-0.6,1,4,0.087,60,y = 0.0391x + 0.0435,1.112531969,2,2.225063939,0.005,0.091,0.12225626,
27-03-25,early,95,4,12_20_2019,43.7,0,2,1,0.046,60,y = 0.056x + 0.031,0.267857143,2,0.535714286,0.005,0.095,0.028195489,
27-03-25,early,95,4,12_20_2019,43.7,0,2,2,0.052,60,y = 0.056x + 0.031,0.375,2,0.75,0.005,0.095,0.039473684,
27-03-25,early,95,4,12_20_2019,43.7,0,2,3,0.046,60,y = 0.056x + 0.031,0.267857143,2,0.535714286,0.005,0.095,0.028195489,
27-03-25,early,95,4,12_20_2019,43.7,0,2,4,0.068,60,y = 0.056x + 0.031,0.660714286,2,1.321428571,0.005,0.095,0.069548872,
27-03-08,late,41,4,12_20_2019,43.7,0,2,1,0.045,60,y = 0.056x + 0.031,0.25,2,0.5,0.005,0.041,0.06097561,
27-03-08,late,41,4,12_20_2019,43.7,0,2,2,0.039,60,y = 0.056x + 0.031,0.142857143,2,0.285714286,0.005,0.041,0.034843206,
27-03-08,late,41,4,12_20_2019,43.7,0,2,3,0.042,60,y = 0.056x + 0.031,0.196428571,2,0.392857143,0.005,0.041,0.047909408,
27-03-08,late,41,4,12_20_2019,43.7,0,2,4,0.047,60,y = 0.056x + 0.031,0.285714286,2,0.571428571,0.005,0.041,0.069686411,
27-02-19,late,31,4,12_20_2019,43.7,-0.6,2,1,0.037,60,y = 0.056x + 0.031,0.107142857,2,0.214285714,0.005,0.031,0.034562212,
27-02-19,late,31,4,12_20_2019,43.7,-0.6,2,2,0.045,60,y = 0.056x + 0.031,0.25,2,0.5,0.005,0.031,0.080645161,
27-02-19,late,31,4,12_20_2019,43.7,-0.6,2,3,0.041,60,y = 0.056x + 0.031,0.178571429,2,0.357142857,0.005,0.031,0.057603687,
27-02-19,late,31,4,12_20_2019,43.7,-0.6,2,4,0.032,60,y = 0.056x + 0.031,0.017857143,2,0.035714286,0.005,0.031,0.005760369,
27-04-34,early,51,4,12_20_2019,43.7,1.1,2,1,0.048,60,y = 0.056x + 0.031,0.303571429,2,0.607142857,0.005,0.051,0.05952381,
27-04-34,early,51,4,12_20_2019,43.7,1.1,2,2,0.049,60,y = 0.056x + 0.031,0.321428571,2,0.642857143,0.005,0.051,0.06302521,
27-04-34,early,51,4,12_20_2019,43.7,1.1,2,3,0.051,60,y = 0.056x + 0.031,0.357142857,2,0.714285714,0.005,0.051,0.070028011,
27-04-34,early,51,4,12_20_2019,43.7,1.1,2,4,0.051,60,y = 0.056x + 0.031,0.357142857,2,0.714285714,0.005,0.051,0.070028011,
27-03-27,early,73,4,12_20_2019,43.7,0,2,1,0.053,60,y = 0.056x + 0.031,0.392857143,2,0.785714286,0.005,0.073,0.053816047,
27-03-27,early,73,4,12_20_2019,43.7,0,2,2,0.057,60,y = 0.056x + 0.031,0.464285714,2,0.928571429,0.005,0.073,0.063600783,
27-03-27,early,73,4,12_20_2019,43.7,0,2,3,0.054,60,y = 0.056x + 0.031,0.410714286,2,0.821428571,0.005,0.073,0.056262231,
27-03-27,early,73,4,12_20_2019,43.7,0,2,4,0.047,60,y = 0.056x + 0.031,0.285714286,2,0.571428571,0.005,0.073,0.039138943,
27-02-65,early,40,4,12_20_2019,43.7,-0.6,2,1,0.046,60,y = 0.056x + 0.031,0.267857143,2,0.535714286,0.005,0.04,0.066964286,
27-02-65,early,40,4,12_20_2019,43.7,-0.6,2,2,0.047,60,y = 0.056x + 0.031,0.285714286,2,0.571428571,0.005,0.04,0.071428571,
27-02-65,early,40,4,12_20_2019,43.7,-0.6,2,3,0.045,60,y = 0.056x + 0.031,0.25,2,0.5,0.005,0.04,0.0625,
27-02-65,early,40,4,12_20_2019,43.7,-0.6,2,4,0.039,60,y = 0.056x + 0.031,0.142857143,2,0.285714286,0.005,0.04,0.035714286,
27-03-46,early,58,4,12_20_2019,43.7,-0.6,2,1,0.043,60,y = 0.056x + 0.031,0.214285714,2,0.428571429,0.005,0.058,0.036945813,
27-03-46,early,58,4,12_20_2019,43.7,-0.6,2,2,0.041,60,y = 0.056x + 0.031,0.178571429,2,0.357142857,0.005,0.058,0.030788177,
27-03-46,early,58,4,12_20_2019,43.7,-0.6,2,3,0.046,60,y = 0.056x + 0.031,0.267857143,2,0.535714286,0.005,0.058,0.046182266,
27-03-46,early,58,4,12_20_2019,43.7,-0.6,2,4,0.043,60,y = 0.056x + 0.031,0.214285714,2,0.428571429,0.005,0.058,0.036945813,
27-04-12,late,35,4,12_20_2019,43.7,0,2,1,0.053,60,y = 0.056x + 0.031,0.392857143,2,0.785714286,0.005,0.035,0.112244898,
27-04-12,late,35,4,12_20_2019,43.7,0,2,2,0.057,60,y = 0.056x + 0.031,0.464285714,2,0.928571429,0.005,0.035,0.132653061,
27-04-12,late,35,4,12_20_2019,43.7,0,2,3,0.058,60,y = 0.056x + 0.031,0.482142857,2,0.964285714,0.005,0.035,0.137755102,
27-04-12,late,35,4,12_20_2019,43.7,0,2,4,0.055,60,y = 0.056x + 0.031,0.428571429,2,0.857142857,0.005,0.035,0.12244898,
27-02-08,late,53,4,12_20_2019,43.7,-1.7,2,1,0.036,60,y = 0.056x + 0.031,0.089285714,2,0.178571429,0.005,0.053,0.016846361,
27-02-08,late,53,4,12_20_2019,43.7,-1.7,2,2,0.046,60,y = 0.056x + 0.031,0.267857143,2,0.535714286,0.005,0.053,0.050539084,
27-02-08,late,53,4,12_20_2019,43.7,-1.7,2,3,0.005,60,y = 0.056x + 0.031,-0.464285714,2,-0.928571429,0.005,0.053,-0.087601078,
27-02-08,late,53,4,12_20_2019,43.7,-1.7,2,4,0.057,60,y = 0.056x + 0.031,0.464285714,2,0.928571429,0.005,0.053,0.087601078,
27-03-28,early,74,4,12_20_2019,43.7,-0.6,2,1,0.056,60,y = 0.056x + 0.031,0.446428571,2,0.892857143,0.005,0.074,0.060328185,
27-03-28,early,74,4,12_20_2019,43.7,-0.6,2,2,0.067,60,y = 0.056x + 0.031,0.642857143,2,1.285714286,0.005,0.074,0.086872587,
27-03-28,early,74,4,12_20_2019,43.7,-0.6,2,3,0.059,60,y = 0.056x + 0.031,0.5,2,1,0.005,0.074,0.067567568,
27-03-28,early,74,4,12_20_2019,43.7,-0.6,2,4,0.057,60,y = 0.056x + 0.031,0.464285714,2,0.928571429,0.005,0.074,0.062741313,
27-03-25,early,78,4,12_20_2019,43.7,0,3,1,0.008,75,y = 0.0453x - 0.0194,0.604856512,2,1.209713024,0.005,0.078,0.077545707,"a bit of variability, trends are a bit messy. Might be a replicate we drop but we'll see. "
27-03-25,early,78,4,12_20_2019,43.7,0,3,2,0.012,75,y = 0.0453x - 0.0194,0.693156733,2,1.386313466,0.005,0.078,0.088866248,
27-03-25,early,78,4,12_20_2019,43.7,0,3,3,0.001,75,y = 0.0453x - 0.0194,0.450331126,2,0.900662252,0.005,0.078,0.05773476,
27-03-25,early,78,4,12_20_2019,43.7,0,3,4,0.007,75,y = 0.0453x - 0.0194,0.582781457,2,1.165562914,0.005,0.078,0.074715571,
27-03-08,late,53,4,12_20_2019,43.7,0,3,1,0.016,75,y = 0.0453x - 0.0194,0.781456954,2,1.562913907,0.005,0.053,0.147444708,
27-03-08,late,53,4,12_20_2019,43.7,0,3,2,0.016,75,y = 0.0453x - 0.0194,0.781456954,2,1.562913907,0.005,0.053,0.147444708,
27-03-08,late,53,4,12_20_2019,43.7,0,3,3,0.019,75,y = 0.0453x - 0.0194,0.847682119,2,1.695364238,0.005,0.053,0.159940022,
27-03-08,late,53,4,12_20_2019,43.7,0,3,4,0.018,75,y = 0.0453x - 0.0194,0.825607064,2,1.651214128,0.005,0.053,0.155774918,
27-02-19,late,71,4,12_20_2019,43.7,-0.6,3,1,0.018,75,y = 0.0453x - 0.0194,0.825607064,2,1.651214128,0.005,0.071,0.116282685,
27-02-19,late,71,4,12_20_2019,43.7,-0.6,3,2,0.015,75,y = 0.0453x - 0.0194,0.759381898,2,1.518763797,0.005,0.071,0.106955197,
27-02-19,late,71,4,12_20_2019,43.7,-0.6,3,3,0.02,75,y = 0.0453x - 0.0194,0.869757174,2,1.739514349,0.005,0.071,0.12250101,
27-02-19,late,71,4,12_20_2019,43.7,-0.6,3,4,0.02,75,y = 0.0453x - 0.0194,0.869757174,2,1.739514349,0.005,0.071,0.12250101,
27-04-34,early,80,4,12_20_2019,43.7,1.1,3,1,0.028,75,y = 0.0453x - 0.0194,1.046357616,2,2.092715232,0.005,0.08,0.130794702,
27-04-34,early,80,4,12_20_2019,43.7,1.1,3,2,0.026,75,y = 0.0453x - 0.0194,1.002207506,2,2.004415011,0.005,0.08,0.125275938,
27-04-34,early,80,4,12_20_2019,43.7,1.1,3,3,0.044,75,y = 0.0453x - 0.0194,1.399558499,2,2.799116998,0.005,0.08,0.174944812,
27-04-34,early,80,4,12_20_2019,43.7,1.1,3,4,0.034,75,y = 0.0453x - 0.0194,1.178807947,2,2.357615894,0.005,0.08,0.147350993,
27-03-27,early,58,4,12_20_2019,43.7,0,3,1,0.016,75,y = 0.0453x - 0.0194,0.781456954,2,1.562913907,0.005,0.058,0.134733958,
27-03-27,early,58,4,12_20_2019,43.7,0,3,2,0.009,75,y = 0.0453x - 0.0194,0.626931567,2,1.253863135,0.005,0.058,0.10809165,
27-03-27,early,58,4,12_20_2019,43.7,0,3,3,0.009,75,y = 0.0453x - 0.0194,0.626931567,2,1.253863135,0.005,0.058,0.10809165,
27-03-27,early,58,4,12_20_2019,43.7,0,3,4,-0.001,75,y = 0.0453x - 0.0194,0.406181015,2,0.812362031,0.005,0.058,0.07003121,
27-02-65,early,54,4,12_20_2019,43.7,-0.6,3,1,0.007,75,y = 0.0453x - 0.0194,0.582781457,2,1.165562914,0.005,0.054,0.107922492,
27-02-65,early,54,4,12_20_2019,43.7,-0.6,3,2,0.022,75,y = 0.0453x - 0.0194,0.913907285,2,1.82781457,0.005,0.054,0.16924209,
27-02-65,early,54,4,12_20_2019,43.7,-0.6,3,3,0.02,75,y = 0.0453x - 0.0194,0.869757174,2,1.739514349,0.005,0.054,0.161066143,
27-02-65,early,54,4,12_20_2019,43.7,-0.6,3,4,0.012,75,y = 0.0453x - 0.0194,0.693156733,2,1.386313466,0.005,0.054,0.128362358,
27-03-46,early,45,4,12_20_2019,43.7,-0.6,3,1,0.004,75,y = 0.0453x - 0.0194,0.516556291,2,1.033112583,0.005,0.045,0.114790287,
27-03-46,early,45,4,12_20_2019,43.7,-0.6,3,2,0.013,75,y = 0.0453x - 0.0194,0.715231788,2,1.430463576,0.005,0.045,0.158940397,
27-03-46,early,45,4,12_20_2019,43.7,-0.6,3,3,0.011,75,y = 0.0453x - 0.0194,0.671081678,2,1.342163355,0.005,0.045,0.149129262,
27-03-46,early,45,4,12_20_2019,43.7,-0.6,3,4,0.017,75,y = 0.0453x - 0.0194,0.803532009,2,1.607064018,0.005,0.045,0.178562669,
27-04-12,late,31,4,12_20_2019,43.7,0,3,1,0.005,75,y = 0.0453x - 0.0194,0.538631347,2,1.077262693,0.005,0.031,0.173752047,
27-04-12,late,31,4,12_20_2019,43.7,0,3,2,0.009,75,y = 0.0453x - 0.0194,0.626931567,2,1.253863135,0.005,0.031,0.202235989,
27-04-12,late,31,4,12_20_2019,43.7,0,3,3,-0.011,75,y = 0.0453x - 0.0194,0.185430464,2,0.370860927,0.005,0.031,0.059816279,
27-04-12,late,31,4,12_20_2019,43.7,0,3,4,-0.017,75,y = 0.0453x - 0.0194,0.052980132,2,0.105960265,0.005,0.031,0.017090365,
27-02-08,late,36,4,12_20_2019,43.7,-1.7,3,1,0.007,75,y = 0.0453x - 0.0194,0.582781457,2,1.165562914,0.005,0.036,0.161883738,
27-02-08,late,36,4,12_20_2019,43.7,-1.7,3,2,0.021,75,y = 0.0453x - 0.0194,0.89183223,2,1.783664459,0.005,0.036,0.247731175,
27-02-08,late,36,4,12_20_2019,43.7,-1.7,3,3,0.011,75,y = 0.0453x - 0.0194,0.671081678,2,1.342163355,0.005,0.036,0.186411577,
27-02-08,late,36,4,12_20_2019,43.7,-1.7,3,4,0.015,75,y = 0.0453x - 0.0194,0.759381898,2,1.518763797,0.005,0.036,0.210939416,
27-03-28,early,63,4,12_20_2019,43.7,-0.6,3,1,0.026,75,y = 0.0453x - 0.0194,1.002207506,2,2.004415011,0.005,0.063,0.159080556,
27-03-28,early,63,4,12_20_2019,43.7,-0.6,3,2,0.021,75,y = 0.0453x - 0.0194,0.89183223,2,1.783664459,0.005,0.063,0.141560671,
27-03-28,early,63,4,12_20_2019,43.7,-0.6,3,3,0.033,75,y = 0.0453x - 0.0194,1.156732892,2,2.313465784,0.005,0.063,0.183608396,
27-03-28,early,63,4,12_20_2019,43.7,-0.6,3,4,0.026,75,y = 0.0453x - 0.0194,1.002207506,2,2.004415011,0.005,0.063,0.159080556,
27-03-25,early,58,4,2_22_2020,74.8,3.3,1,1,0.075,60,y = 0.0526x + 0.0637,0.214828897,2,0.429657795,0.005,0.058,0.037039465,
27-03-25,early,58,4,2_22_2020,74.8,3.3,1,2,0.079,60,y = 0.0526x + 0.0637,0.290874525,2,0.581749049,0.005,0.058,0.05015078,
27-03-25,early,58,4,2_22_2020,74.8,3.3,1,3,0.075,60,y = 0.0526x + 0.0637,0.214828897,2,0.429657795,0.005,0.058,0.037039465,
27-03-25,early,58,4,2_22_2020,74.8,3.3,1,4,0.075,60,y = 0.0526x + 0.0637,0.214828897,2,0.429657795,0.005,0.058,0.037039465,
27-03-08,late,27,4,2_22_2020,74.8,3.3,1,1,0.073,60,y = 0.0526x + 0.0637,0.176806084,2,0.353612167,0.005,0.027,0.065483735,
27-03-08,late,27,4,2_22_2020,74.8,3.3,1,2,0.071,60,y = 0.0526x + 0.0637,0.13878327,2,0.27756654,0.005,0.027,0.051401211,
27-03-08,late,27,4,2_22_2020,74.8,3.3,1,3,0.05,60,y = 0.0526x + 0.0637,-0.260456274,2,-0.520912548,0.005,0.027,-0.096465287,
27-03-08,late,27,4,2_22_2020,74.8,3.3,1,4,0.069,60,y = 0.0526x + 0.0637,0.100760456,2,0.201520913,0.005,0.027,0.037318688,
27-02-19,late,55,4,2_22_2020,74.8,2.2,1,1,0.092,60,y = 0.0526x + 0.0637,0.538022814,2,1.076045627,0.005,0.055,0.09782233,
27-02-19,late,55,4,2_22_2020,74.8,2.2,1,2,0.088,60,y = 0.0526x + 0.0637,0.461977186,2,0.923954373,0.005,0.055,0.083995852,
27-02-19,late,55,4,2_22_2020,74.8,2.2,1,3,0.091,60,y = 0.0526x + 0.0637,0.519011407,2,1.038022814,0.005,0.055,0.09436571,
27-02-19,late,55,4,2_22_2020,74.8,2.2,1,4,0.097,60,y = 0.0526x + 0.0637,0.633079848,2,1.266159696,0.005,0.055,0.115105427,
27-04-34,early,73,4,2_22_2020,74.8,3.9,1,1,0.108,60,y = 0.0526x + 0.0637,0.842205323,2,1.684410646,0.005,0.073,0.115370592,
27-04-34,early,73,4,2_22_2020,74.8,3.9,1,2,0.091,60,y = 0.0526x + 0.0637,0.519011407,2,1.038022814,0.005,0.073,0.071097453,
27-04-34,early,73,4,2_22_2020,74.8,3.9,1,3,0.086,60,y = 0.0526x + 0.0637,0.423954373,2,0.847908745,0.005,0.073,0.058075941,
27-04-34,early,73,4,2_22_2020,74.8,3.9,1,4,0.088,60,y = 0.0526x + 0.0637,0.461977186,2,0.923954373,0.005,0.073,0.063284546,
27-03-27,early,56,4,2_22_2020,74.8,2.8,1,1,0.101,60,y = 0.0526x + 0.0637,0.709125475,2,1.418250951,0.005,0.056,0.126629549,
27-03-27,early,56,4,2_22_2020,74.8,2.8,1,2,0.092,60,y = 0.0526x + 0.0637,0.538022814,2,1.076045627,0.005,0.056,0.096075502,
27-03-27,early,56,4,2_22_2020,74.8,2.8,1,3,0.094,60,y = 0.0526x + 0.0637,0.576045627,2,1.152091255,0.005,0.056,0.102865291,
27-03-27,early,56,4,2_22_2020,74.8,2.8,1,4,0.093,60,y = 0.0526x + 0.0637,0.557034221,2,1.114068441,0.005,0.056,0.099470397,
27-02-65,early,63,4,2_22_2020,74.8,3.3,1,1,0.078,60,y = 0.0526x + 0.0637,0.271863118,2,0.543726236,0.005,0.063,0.043152876,
27-02-65,early,63,4,2_22_2020,74.8,3.3,1,2,0.088,60,y = 0.0526x + 0.0637,0.461977186,2,0.923954373,0.005,0.063,0.073329712,
27-02-65,early,63,4,2_22_2020,74.8,3.3,1,3,0.083,60,y = 0.0526x + 0.0637,0.366920152,2,0.733840304,0.005,0.063,0.058241294,
27-02-65,early,63,4,2_22_2020,74.8,3.3,1,4,0.086,60,y = 0.0526x + 0.0637,0.423954373,2,0.847908745,0.005,0.063,0.067294345,
27-03-46,early,54,4,2_22_2020,74.8,2.8,1,1,0.078,60,y = 0.0526x + 0.0637,0.271863118,2,0.543726236,0.005,0.054,0.050345022,
27-03-46,early,54,4,2_22_2020,74.8,2.8,1,2,0.08,60,y = 0.0526x + 0.0637,0.309885932,2,0.619771863,0.005,0.054,0.057386284,
27-03-46,early,54,4,2_22_2020,74.8,2.8,1,3,0.087,60,y = 0.0526x + 0.0637,0.442965779,2,0.885931559,0.005,0.054,0.0820307,
27-03-46,early,54,4,2_22_2020,74.8,2.8,1,4,0.077,60,y = 0.0526x + 0.0637,0.252851711,2,0.505703422,0.005,0.054,0.046824391,
27-04-12,late,51,4,2_22_2020,74.8,3.9,1,1,0.082,60,y = 0.0526x + 0.0637,0.347908745,2,0.69581749,0.005,0.051,0.068217401,
27-04-12,late,51,4,2_22_2020,74.8,3.9,1,2,0.081,60,y = 0.0526x + 0.0637,0.328897338,2,0.657794677,0.005,0.051,0.064489674,
27-04-12,late,51,4,2_22_2020,74.8,3.9,1,3,0.08,60,y = 0.0526x + 0.0637,0.309885932,2,0.619771863,0.005,0.051,0.060761947,
27-04-12,late,51,4,2_22_2020,74.8,3.9,1,4,0.082,60,y = 0.0526x + 0.0637,0.347908745,2,0.69581749,0.005,0.051,0.068217401,
27-02-08,late,66,4,2_22_2020,74.8,2.2,1,1,0.108,60,y = 0.0526x + 0.0637,0.842205323,2,1.684410646,0.005,0.066,0.127606867,
27-02-08,late,66,4,2_22_2020,74.8,2.2,1,2,0.091,60,y = 0.0526x + 0.0637,0.519011407,2,1.038022814,0.005,0.066,0.078638092,
27-02-08,late,66,4,2_22_2020,74.8,2.2,1,3,0.086,60,y = 0.0526x + 0.0637,0.423954373,2,0.847908745,0.005,0.066,0.064235511,
27-02-08,late,66,4,2_22_2020,74.8,2.2,1,4,0.088,60,y = 0.0526x + 0.0637,0.461977186,2,0.923954373,0.005,0.066,0.069996543,
27-03-28,early,65,4,2_22_2020,74.8,2.8,1,1,0.079,60,y = 0.0526x + 0.0637,0.290874525,2,0.581749049,0.005,0.065,0.044749927,
27-03-28,early,65,4,2_22_2020,74.8,2.8,1,2,0.081,60,y = 0.0526x + 0.0637,0.328897338,2,0.657794677,0.005,0.065,0.050599591,
27-03-28,early,65,4,2_22_2020,74.8,2.8,1,3,0.078,60,y = 0.0526x + 0.0637,0.271863118,2,0.543726236,0.005,0.065,0.041825095,
27-03-28,early,65,4,2_22_2020,74.8,2.8,1,4,0.082,60,y = 0.0526x + 0.0637,0.347908745,2,0.69581749,0.005,0.065,0.053524422,
27-03-25,early,80,4,2_22_2020,74.8,3.3,2,1,0.099,60,y = 0.0379x + 0.0637,0.931398417,2,1.862796834,0.005,0.08,0.116424802,
27-03-25,early,80,4,2_22_2020,74.8,3.3,2,2,0.093,60,y = 0.0379x + 0.0637,0.773087071,2,1.546174142,0.005,0.08,0.096635884,
27-03-25,early,80,4,2_22_2020,74.8,3.3,2,3,0.09,60,y = 0.0379x + 0.0637,0.693931398,2,1.387862797,0.005,0.08,0.086741425,
27-03-25,early,80,4,2_22_2020,74.8,3.3,2,4,0.098,60,y = 0.0379x + 0.0637,0.905013193,2,1.810026385,0.005,0.08,0.113126649,
27-03-08,late,72,4,2_22_2020,74.8,3.3,2,1,0.09,60,y = 0.0379x + 0.0637,0.693931398,2,1.387862797,0.005,0.072,0.096379361,
27-03-08,late,72,4,2_22_2020,74.8,3.3,2,2,0.077,60,y = 0.0379x + 0.0637,0.350923483,2,0.701846966,0.005,0.072,0.048739373,
27-03-08,late,72,4,2_22_2020,74.8,3.3,2,3,0.078,60,y = 0.0379x + 0.0637,0.377308707,2,0.754617414,0.005,0.072,0.052403987,
27-03-08,late,72,4,2_22_2020,74.8,3.3,2,4,0.088,60,y = 0.0379x + 0.0637,0.64116095,2,1.2823219,0.005,0.072,0.089050132,
27-02-19,late,58,4,2_22_2020,74.8,2.2,2,1,0.095,60,y = 0.0379x + 0.0637,0.82585752,2,1.65171504,0.005,0.058,0.142389228,
27-02-19,late,58,4,2_22_2020,74.8,2.2,2,2,0.09,60,y = 0.0379x + 0.0637,0.693931398,2,1.387862797,0.005,0.058,0.119643345,
27-02-19,late,58,4,2_22_2020,74.8,2.2,2,3,0.092,60,y = 0.0379x + 0.0637,0.746701847,2,1.493403694,0.005,0.058,0.128741698,
27-02-19,late,58,4,2_22_2020,74.8,2.2,2,4,0.091,60,y = 0.0379x + 0.0637,0.720316623,2,1.440633245,0.005,0.058,0.124192521,
27-04-34,early,112,4,2_22_2020,74.8,3.9,2,1,0.09,60,y = 0.0379x + 0.0637,0.693931398,2,1.387862797,0.005,0.112,0.061958161,
27-04-34,early,112,4,2_22_2020,74.8,3.9,2,2,0.095,60,y = 0.0379x + 0.0637,0.82585752,2,1.65171504,0.005,0.112,0.073737279,
27-04-34,early,112,4,2_22_2020,74.8,3.9,2,3,0.083,60,y = 0.0379x + 0.0637,0.509234828,2,1.018469657,0.005,0.112,0.045467395,
27-04-34,early,112,4,2_22_2020,74.8,3.9,2,4,0.087,60,y = 0.0379x + 0.0637,0.614775726,2,1.229551451,0.005,0.112,0.05489069,
27-03-27,early,86,4,2_22_2020,74.8,2.8,2,1,0.091,60,y = 0.0379x + 0.0637,0.720316623,2,1.440633245,0.005,0.086,0.083757747,
27-03-27,early,86,4,2_22_2020,74.8,2.8,2,2,0.093,60,y = 0.0379x + 0.0637,0.773087071,2,1.546174142,0.005,0.086,0.089893845,
27-03-27,early,86,4,2_22_2020,74.8,2.8,2,3,0.088,60,y = 0.0379x + 0.0637,0.64116095,2,1.2823219,0.005,0.086,0.074553599,
27-03-27,early,86,4,2_22_2020,74.8,2.8,2,4,0.101,60,y = 0.0379x + 0.0637,0.984168865,2,1.968337731,0.005,0.086,0.11443824,
27-02-65,early,50,4,2_22_2020,74.8,3.3,2,1,0.076,60,y = 0.0379x + 0.0637,0.324538259,2,0.649076517,0.005,0.05,0.064907652,
27-02-65,early,50,4,2_22_2020,74.8,3.3,2,2,0.08,60,y = 0.0379x + 0.0637,0.430079156,2,0.860158311,0.005,0.05,0.086015831,
27-02-65,early,50,4,2_22_2020,74.8,3.3,2,3,0.076,60,y = 0.0379x + 0.0637,0.324538259,2,0.649076517,0.005,0.05,0.064907652,
27-02-65,early,50,4,2_22_2020,74.8,3.3,2,4,0.076,60,y = 0.0379x + 0.0637,0.324538259,2,0.649076517,0.005,0.05,0.064907652,
27-03-46,early,64,4,2_22_2020,74.8,2.8,2,1,0.076,60,y = 0.0379x + 0.0637,0.324538259,2,0.649076517,0.005,0.064,0.050709103,
27-03-46,early,64,4,2_22_2020,74.8,2.8,2,2,0.075,60,y = 0.0379x + 0.0637,0.298153034,2,0.596306069,0.005,0.064,0.046586412,
27-03-46,early,64,4,2_22_2020,74.8,2.8,2,3,0.072,60,y = 0.0379x + 0.0637,0.218997361,2,0.437994723,0.005,0.064,0.034218338,
27-03-46,early,64,4,2_22_2020,74.8,2.8,2,4,0.079,60,y = 0.0379x + 0.0637,0.403693931,2,0.807387863,0.005,0.064,0.063077177,
27-04-12,late,50,4,2_22_2020,74.8,3.9,2,1,0.073,60,y = 0.0379x + 0.0637,0.245382586,2,0.490765172,0.005,0.05,0.049076517,
27-04-12,late,50,4,2_22_2020,74.8,3.9,2,2,0.073,60,y = 0.0379x + 0.0637,0.245382586,2,0.490765172,0.005,0.05,0.049076517,
27-04-12,late,50,4,2_22_2020,74.8,3.9,2,3,0.073,60,y = 0.0379x + 0.0637,0.245382586,2,0.490765172,0.005,0.05,0.049076517,
27-04-12,late,50,4,2_22_2020,74.8,3.9,2,4,0.076,60,y = 0.0379x + 0.0637,0.324538259,2,0.649076517,0.005,0.05,0.064907652,
27-02-08,late,79,4,2_22_2020,74.8,2.2,2,1,0.079,60,y = 0.0379x + 0.0637,0.403693931,2,0.807387863,0.005,0.079,0.051100498,
27-02-08,late,79,4,2_22_2020,74.8,2.2,2,2,0.093,60,y = 0.0379x + 0.0637,0.773087071,2,1.546174142,0.005,0.079,0.097859123,
27-02-08,late,79,4,2_22_2020,74.8,2.2,2,3,0.085,60,y = 0.0379x + 0.0637,0.562005277,2,1.124010554,0.005,0.079,0.071139908,
27-02-08,late,79,4,2_22_2020,74.8,2.2,2,4,0.082,60,y = 0.0379x + 0.0637,0.482849604,2,0.965699208,0.005,0.079,0.061120203,
27-03-28,early,54,4,2_22_2020,74.8,2.8,2,1,0.074,60,y = 0.0379x + 0.0637,0.27176781,2,0.54353562,0.005,0.054,0.050327372,
27-03-28,early,54,4,2_22_2020,74.8,2.8,2,2,0.081,60,y = 0.0379x + 0.0637,0.45646438,2,0.91292876,0.005,0.054,0.084530441,
27-03-28,early,54,4,2_22_2020,74.8,2.8,2,3,0.067,60,y = 0.0379x + 0.0637,0.08707124,2,0.17414248,0.005,0.054,0.016124304,
27-03-28,early,54,4,2_22_2020,74.8,2.8,2,4,0.074,60,y = 0.0379x + 0.0637,0.27176781,2,0.54353562,0.005,0.054,0.050327372,
27-03-25,early,82,4,2_22_2020,74.8,3.3,3,1,0.083,60,y = 0.0602x + 0.0579,0.416943522,2,0.833887043,0.005,0.082,0.050846771,
27-03-25,early,82,4,2_22_2020,74.8,3.3,3,2,0.083,60,y = 0.0602x + 0.0579,0.416943522,2,0.833887043,0.005,0.082,0.050846771,
27-03-25,early,82,4,2_22_2020,74.8,3.3,3,3,0.089,60,y = 0.0602x + 0.0579,0.516611296,2,1.033222591,0.005,0.082,0.063001378,
27-03-25,early,82,4,2_22_2020,74.8,3.3,3,4,0.111,60,y = 0.0602x + 0.0579,0.882059801,2,1.764119601,0.005,0.082,0.107568268,
27-03-08,late,67,4,2_22_2020,74.8,3.3,3,1,0.081,60,y = 0.0602x + 0.0579,0.38372093,2,0.76744186,0.005,0.067,0.057271781,
27-03-08,late,67,4,2_22_2020,74.8,3.3,3,2,0.083,60,y = 0.0602x + 0.0579,0.416943522,2,0.833887043,0.005,0.067,0.062230376,
27-03-08,late,67,4,2_22_2020,74.8,3.3,3,3,0.083,60,y = 0.0602x + 0.0579,0.416943522,2,0.833887043,0.005,0.067,0.062230376,
27-03-08,late,67,4,2_22_2020,74.8,3.3,3,4,0.082,60,y = 0.0602x + 0.0579,0.400332226,2,0.800664452,0.005,0.067,0.059751078,
27-02-19,late,59,4,2_22_2020,74.8,2.2,3,1,0.084,60,y = 0.0602x + 0.0579,0.433554817,2,0.867109635,0.005,0.059,0.073483867,
27-02-19,late,59,4,2_22_2020,74.8,2.2,3,2,0.083,60,y = 0.0602x + 0.0579,0.416943522,2,0.833887043,0.005,0.059,0.070668393,
27-02-19,late,59,4,2_22_2020,74.8,2.2,3,3,0.087,60,y = 0.0602x + 0.0579,0.483388704,2,0.966777409,0.005,0.059,0.081930289,
27-02-19,late,59,4,2_22_2020,74.8,2.2,3,4,0.084,60,y = 0.0602x + 0.0579,0.433554817,2,0.867109635,0.005,0.059,0.073483867,
27-04-34,early,81,4,2_22_2020,74.8,3.9,3,1,0.079,60,y = 0.0602x + 0.0579,0.350498339,2,0.700996678,0.005,0.081,0.0432714,
27-04-34,early,81,4,2_22_2020,74.8,3.9,3,2,0.08,60,y = 0.0602x + 0.0579,0.367109635,2,0.734219269,0.005,0.081,0.045322177,
27-04-34,early,81,4,2_22_2020,74.8,3.9,3,3,0.079,60,y = 0.0602x + 0.0579,0.350498339,2,0.700996678,0.005,0.081,0.0432714,
27-04-34,early,81,4,2_22_2020,74.8,3.9,3,4,0.077,60,y = 0.0602x + 0.0579,0.317275748,2,0.634551495,0.005,0.081,0.039169845,
27-03-27,early,74,4,2_22_2020,74.8,2.8,3,1,0.089,60,y = 0.0602x + 0.0579,0.516611296,2,1.033222591,0.005,0.074,0.069812337,
27-03-27,early,74,4,2_22_2020,74.8,2.8,3,2,0.089,60,y = 0.0602x + 0.0579,0.516611296,2,1.033222591,0.005,0.074,0.069812337,
27-03-27,early,74,4,2_22_2020,74.8,2.8,3,3,0.089,60,y = 0.0602x + 0.0579,0.516611296,2,1.033222591,0.005,0.074,0.069812337,
27-03-27,early,74,4,2_22_2020,74.8,2.8,3,4,0.09,60,y = 0.0602x + 0.0579,0.533222591,2,1.066445183,0.005,0.074,0.072057107,
27-02-65,early,59,4,2_22_2020,74.8,3.3,3,1,0.071,60,y = 0.0602x + 0.0579,0.217607973,2,0.435215947,0.005,0.059,0.036882707,
27-02-65,early,59,4,2_22_2020,74.8,3.3,3,2,0.073,60,y = 0.0602x + 0.0579,0.250830565,2,0.50166113,0.005,0.059,0.042513655,
27-02-65,early,59,4,2_22_2020,74.8,3.3,3,3,0.073,60,y = 0.0602x + 0.0579,0.250830565,2,0.50166113,0.005,0.059,0.042513655,
27-02-65,early,59,4,2_22_2020,74.8,3.3,3,4,0.081,60,y = 0.0602x + 0.0579,0.38372093,2,0.76744186,0.005,0.059,0.065037446,
27-03-46,early,70,4,2_22_2020,74.8,2.8,3,1,0.083,60,y = 0.0602x + 0.0579,0.416943522,2,0.833887043,0.005,0.07,0.05956336,
27-03-46,early,70,4,2_22_2020,74.8,2.8,3,2,0.095,60,y = 0.0602x + 0.0579,0.61627907,2,1.23255814,0.005,0.07,0.088039867,
27-03-46,early,70,4,2_22_2020,74.8,2.8,3,3,0.088,60,y = 0.0602x + 0.0579,0.5,2,1,0.005,0.07,0.071428571,
27-03-46,early,70,4,2_22_2020,74.8,2.8,3,4,0.091,60,y = 0.0602x + 0.0579,0.549833887,2,1.099667774,0.005,0.07,0.078547698,
27-04-12,late,50,4,2_22_2020,74.8,3.9,3,1,0.079,60,y = 0.0602x + 0.0579,0.350498339,2,0.700996678,0.005,0.05,0.070099668,
27-04-12,late,50,4,2_22_2020,74.8,3.9,3,2,0.076,60,y = 0.0602x + 0.0579,0.300664452,2,0.601328904,0.005,0.05,0.06013289,
27-04-12,late,50,4,2_22_2020,74.8,3.9,3,3,0.076,60,y = 0.0602x + 0.0579,0.300664452,2,0.601328904,0.005,0.05,0.06013289,
27-04-12,late,50,4,2_22_2020,74.8,3.9,3,4,0.076,60,y = 0.0602x + 0.0579,0.300664452,2,0.601328904,0.005,0.05,0.06013289,
27-02-08,late,55,4,2_22_2020,74.8,2.2,3,1,0.069,60,y = 0.0602x + 0.0579,0.184385382,2,0.368770764,0.005,0.055,0.033524615,
27-02-08,late,55,4,2_22_2020,74.8,2.2,3,2,0.07,60,y = 0.0602x + 0.0579,0.200996678,2,0.401993355,0.005,0.055,0.03654485,
27-02-08,late,55,4,2_22_2020,74.8,2.2,3,3,0.071,60,y = 0.0602x + 0.0579,0.217607973,2,0.435215947,0.005,0.055,0.039565086,
27-02-08,late,55,4,2_22_2020,74.8,2.2,3,4,0.076,60,y = 0.0602x + 0.0579,0.300664452,2,0.601328904,0.005,0.055,0.054666264,
27-03-28,early,93,4,2_22_2020,74.8,2.8,3,1,0.087,60,y = 0.0602x + 0.0579,0.483388704,2,0.966777409,0.005,0.093,0.05197728,
27-03-28,early,93,4,2_22_2020,74.8,2.8,3,2,0.086,60,y = 0.0602x + 0.0579,0.466777409,2,0.933554817,0.005,0.093,0.050191119,
27-03-28,early,93,4,2_22_2020,74.8,2.8,3,3,0.086,60,y = 0.0602x + 0.0579,0.466777409,2,0.933554817,0.005,0.093,0.050191119,
27-03-28,early,93,4,2_22_2020,74.8,2.8,3,4,0.087,60,y = 0.0602x + 0.0579,0.483388704,2,0.966777409,0.005,0.093,0.05197728,
27-03-25,early,144,4,3_23_2020,93.4,3.9,1,1,0.049,60,y = 0.0612x + 0.0188,0.493464052,2,0.986928105,0.005,0.144,0.034268337,
27-03-25,early,144,4,3_23_2020,93.4,3.9,1,2,0.043,60,y = 0.0612x + 0.0188,0.395424837,2,0.790849673,0.005,0.144,0.027460058,
27-03-25,early,144,4,3_23_2020,93.4,3.9,1,3,0.054,60,y = 0.0612x + 0.0188,0.575163399,2,1.150326797,0.005,0.144,0.039941903,
27-03-25,early,144,4,3_23_2020,93.4,3.9,1,4,0.046,60,y = 0.0612x + 0.0188,0.444444444,2,0.888888889,0.005,0.144,0.030864198,
27-03-08,late,82,4,3_23_2020,93.4,4.4,1,1,0.053,60,y = 0.0612x + 0.0188,0.558823529,2,1.117647059,0.005,0.082,0.068149211,
27-03-08,late,82,4,3_23_2020,93.4,4.4,1,2,0.044,60,y = 0.0612x + 0.0188,0.411764706,2,0.823529412,0.005,0.082,0.050215208,
27-03-08,late,82,4,3_23_2020,93.4,4.4,1,3,0.049,60,y = 0.0612x + 0.0188,0.493464052,2,0.986928105,0.005,0.082,0.060178543,
27-03-08,late,82,4,3_23_2020,93.4,4.4,1,4,0.037,60,y = 0.0612x + 0.0188,0.297385621,2,0.594771242,0.005,0.082,0.036266539,
27-02-19,late,71,4,3_23_2020,93.4,4.4,1,1,0.052,60,y = 0.0612x + 0.0188,0.54248366,2,1.08496732,0.005,0.071,0.076406149,
27-02-19,late,71,4,3_23_2020,93.4,4.4,1,2,0.052,60,y = 0.0612x + 0.0188,0.54248366,2,1.08496732,0.005,0.071,0.076406149,
27-02-19,late,71,4,3_23_2020,93.4,4.4,1,3,0.061,60,y = 0.0612x + 0.0188,0.689542484,2,1.379084967,0.005,0.071,0.09711866,
27-02-19,late,71,4,3_23_2020,93.4,4.4,1,4,0.053,60,y = 0.0612x + 0.0188,0.558823529,2,1.117647059,0.005,0.071,0.078707539,
27-04-34,early,126,4,3_23_2020,93.4,6.1,1,1,0.051,60,y = 0.0612x + 0.0188,0.526143791,2,1.052287582,0.005,0.126,0.041757444,
27-04-34,early,126,4,3_23_2020,93.4,6.1,1,2,0.054,60,y = 0.0612x + 0.0188,0.575163399,2,1.150326797,0.005,0.126,0.045647889,
27-04-34,early,126,4,3_23_2020,93.4,6.1,1,3,0.052,60,y = 0.0612x + 0.0188,0.54248366,2,1.08496732,0.005,0.126,0.043054259,
27-04-34,early,126,4,3_23_2020,93.4,6.1,1,4,0.045,60,y = 0.0612x + 0.0188,0.428104575,2,0.85620915,0.005,0.126,0.033976554,
27-03-27,early,142,4,3_23_2020,93.4,3.9,1,1,0.062,60,y = 0.0612x + 0.0188,0.705882353,2,1.411764706,0.005,0.142,0.049710025,
27-03-27,early,142,4,3_23_2020,93.4,3.9,1,2,0.056,60,y = 0.0612x + 0.0188,0.607843137,2,1.215686275,0.005,0.142,0.042805855,
27-03-27,early,142,4,3_23_2020,93.4,3.9,1,3,0.058,60,y = 0.0612x + 0.0188,0.640522876,2,1.281045752,0.005,0.142,0.045107245,
27-03-27,early,142,4,3_23_2020,93.4,3.9,1,4,0.059,60,y = 0.0612x + 0.0188,0.656862745,2,1.31372549,0.005,0.142,0.04625794,
27-02-65,early,112,4,3_23_2020,93.4,6.1,1,1,0.056,60,y = 0.0612x + 0.0188,0.607843137,2,1.215686275,0.005,0.112,0.054271709,
27-02-65,early,112,4,3_23_2020,93.4,6.1,1,2,0.056,60,y = 0.0612x + 0.0188,0.607843137,2,1.215686275,0.005,0.112,0.054271709,
27-02-65,early,112,4,3_23_2020,93.4,6.1,1,3,0.054,60,y = 0.0612x + 0.0188,0.575163399,2,1.150326797,0.005,0.112,0.051353875,
27-02-65,early,112,4,3_23_2020,93.4,6.1,1,4,0.057,60,y = 0.0612x + 0.0188,0.624183007,2,1.248366013,0.005,0.112,0.055730626,
27-03-46,early,90,4,3_23_2020,93.4,6.1,1,1,0.068,60,y = 0.0612x + 0.0188,0.803921569,2,1.607843137,0.005,0.09,0.089324619,
27-03-46,early,90,4,3_23_2020,93.4,6.1,1,2,0.077,60,y = 0.0612x + 0.0188,0.950980392,2,1.901960784,0.005,0.09,0.105664488,
27-03-46,early,90,4,3_23_2020,93.4,6.1,1,3,0.081,60,y = 0.0612x + 0.0188,1.016339869,2,2.032679739,0.005,0.09,0.112926652,
27-03-46,early,90,4,3_23_2020,93.4,6.1,1,4,0.074,60,y = 0.0612x + 0.0188,0.901960784,2,1.803921569,0.005,0.09,0.100217865,
27-04-12,late,55,4,3_23_2020,93.4,4.4,1,1,0.032,60,y = 0.0612x + 0.0188,0.215686275,2,0.431372549,0.005,0.055,0.039215686,
27-04-12,late,55,4,3_23_2020,93.4,4.4,1,2,0.092,60,y = 0.0612x + 0.0188,1.196078431,2,2.392156863,0.005,0.055,0.217468806,
27-04-12,late,55,4,3_23_2020,93.4,4.4,1,3,0.029,60,y = 0.0612x + 0.0188,0.166666667,2,0.333333333,0.005,0.055,0.03030303,
27-04-12,late,55,4,3_23_2020,93.4,4.4,1,4,0.028,60,y = 0.0612x + 0.0188,0.150326797,2,0.300653595,0.005,0.055,0.027332145,
27-02-08,late,86,4,3_23_2020,93.4,4.4,1,1,0.044,60,y = 0.0612x + 0.0188,0.411764706,2,0.823529412,0.005,0.086,0.047879617,
27-02-08,late,86,4,3_23_2020,93.4,4.4,1,2,0.049,60,y = 0.0612x + 0.0188,0.493464052,2,0.986928105,0.005,0.086,0.057379541,
27-02-08,late,86,4,3_23_2020,93.4,4.4,1,3,0.052,60,y = 0.0612x + 0.0188,0.54248366,2,1.08496732,0.005,0.086,0.063079495,
27-02-08,late,86,4,3_23_2020,93.4,4.4,1,4,0.024,60,y = 0.0612x + 0.0188,0.08496732,2,0.169934641,0.005,0.086,0.009879921,
27-03-28,early,132,4,3_23_2020,93.4,3.9,1,1,0.053,60,y = 0.0612x + 0.0188,0.558823529,2,1.117647059,0.005,0.132,0.042335116,
27-03-28,early,132,4,3_23_2020,93.4,3.9,1,2,0.059,60,y = 0.0612x + 0.0188,0.656862745,2,1.31372549,0.005,0.132,0.049762329,
27-03-28,early,132,4,3_23_2020,93.4,3.9,1,3,0.068,60,y = 0.0612x + 0.0188,0.803921569,2,1.607843137,0.005,0.132,0.060903149,
27-03-28,early,132,4,3_23_2020,93.4,3.9,1,4,0.055,60,y = 0.0612x + 0.0188,0.591503268,2,1.183006536,0.005,0.132,0.044810854,
27-03-25,early,163,4,3_23_2020,93.4,3.9,2,1,0.108,60,y = 0.0557x + 0.0454,1.123877917,2,2.247755835,0.005,0.163,0.068949565,
27-03-25,early,163,4,3_23_2020,93.4,3.9,2,2,0.105,60,y = 0.0557x + 0.0454,1.070017953,2,2.140035907,0.005,0.163,0.065645273,
27-03-25,early,163,4,3_23_2020,93.4,3.9,2,3,0.107,60,y = 0.0557x + 0.0454,1.105924596,2,2.211849192,0.005,0.163,0.067848135,
27-03-25,early,163,4,3_23_2020,93.4,3.9,2,4,0.102,60,y = 0.0557x + 0.0454,1.016157989,2,2.032315978,0.005,0.163,0.062340981,
27-03-08,late,66,4,3_23_2020,93.4,4.4,2,1,0.084,60,y = 0.0557x + 0.0454,0.692998205,2,1.385996409,0.005,0.066,0.104999728,
27-03-08,late,66,4,3_23_2020,93.4,4.4,2,2,0.08,60,y = 0.0557x + 0.0454,0.621184919,2,1.242369838,0.005,0.066,0.094118927,
27-03-08,late,66,4,3_23_2020,93.4,4.4,2,3,0.082,60,y = 0.0557x + 0.0454,0.657091562,2,1.314183124,0.005,0.066,0.099559328,
27-03-08,late,66,4,3_23_2020,93.4,4.4,2,4,0.078,60,y = 0.0557x + 0.0454,0.585278276,2,1.170556553,0.005,0.066,0.088678527,
27-02-19,late,84,4,3_23_2020,93.4,4.4,2,1,0.096,60,y = 0.0557x + 0.0454,0.908438061,2,1.816876122,0.005,0.084,0.108147388,
27-02-19,late,84,4,3_23_2020,93.4,4.4,2,2,0.094,60,y = 0.0557x + 0.0454,0.872531418,2,1.745062837,0.005,0.084,0.103872788,
27-02-19,late,84,4,3_23_2020,93.4,4.4,2,3,0.098,60,y = 0.0557x + 0.0454,0.944344704,2,1.888689408,0.005,0.084,0.112421989,
27-02-19,late,84,4,3_23_2020,93.4,4.4,2,4,0.097,60,y = 0.0557x + 0.0454,0.926391382,2,1.852782765,0.005,0.084,0.110284688,
27-04-34,early,144,4,3_23_2020,93.4,6.1,2,1,0.097,60,y = 0.0557x + 0.0454,0.926391382,2,1.852782765,0.005,0.144,0.064332735,
27-04-34,early,144,4,3_23_2020,93.4,6.1,2,2,0.084,60,y = 0.0557x + 0.0454,0.692998205,2,1.385996409,0.005,0.144,0.048124875,
27-04-34,early,144,4,3_23_2020,93.4,6.1,2,3,0.084,60,y = 0.0557x + 0.0454,0.692998205,2,1.385996409,0.005,0.144,0.048124875,
27-04-34,early,144,4,3_23_2020,93.4,6.1,2,4,0.093,60,y = 0.0557x + 0.0454,0.854578097,2,1.709156194,0.005,0.144,0.059345701,
27-03-27,early,141,4,3_23_2020,93.4,3.9,2,1,0.108,60,y = 0.0557x + 0.0454,1.123877917,2,2.247755835,0.005,0.141,0.079707654,
27-03-27,early,141,4,3_23_2020,93.4,3.9,2,2,0.109,60,y = 0.0557x + 0.0454,1.141831239,2,2.283662478,0.005,0.141,0.080980939,
27-03-27,early,141,4,3_23_2020,93.4,3.9,2,3,0.114,60,y = 0.0557x + 0.0454,1.231597846,2,2.463195691,0.005,0.141,0.087347365,
27-03-27,early,141,4,3_23_2020,93.4,3.9,2,4,0.113,60,y = 0.0557x + 0.0454,1.213644524,2,2.427289048,0.005,0.141,0.08607408,
27-02-65,early,108,4,3_23_2020,93.4,6.1,2,1,0.101,60,y = 0.0557x + 0.0454,0.998204668,2,1.996409336,0.005,0.108,0.092426358,
27-02-65,early,108,4,3_23_2020,93.4,6.1,2,2,0.101,60,y = 0.0557x + 0.0454,0.998204668,2,1.996409336,0.005,0.108,0.092426358,
27-02-65,early,108,4,3_23_2020,93.4,6.1,2,3,0.1,60,y = 0.0557x + 0.0454,0.980251346,2,1.960502693,0.005,0.108,0.090764014,
27-02-65,early,108,4,3_23_2020,93.4,6.1,2,4,0.104,60,y = 0.0557x + 0.0454,1.052064632,2,2.104129264,0.005,0.108,0.097413392,
27-03-46,early,86,4,3_23_2020,93.4,6.1,2,1,0.104,60,y = 0.0557x + 0.0454,1.052064632,2,2.104129264,0.005,0.086,0.122333097,
27-03-46,early,86,4,3_23_2020,93.4,6.1,2,2,0.106,60,y = 0.0557x + 0.0454,1.087971275,2,2.175942549,0.005,0.086,0.126508288,
27-03-46,early,86,4,3_23_2020,93.4,6.1,2,3,0.106,60,y = 0.0557x + 0.0454,1.087971275,2,2.175942549,0.005,0.086,0.126508288,
27-03-46,early,86,4,3_23_2020,93.4,6.1,2,4,0.111,60,y = 0.0557x + 0.0454,1.177737882,2,2.355475763,0.005,0.086,0.136946265,
27-04-12,late,78,4,3_23_2020,93.4,4.4,2,1,0.089,60,y = 0.0557x + 0.0454,0.782764811,2,1.565529623,0.005,0.078,0.100354463,
27-04-12,late,78,4,3_23_2020,93.4,4.4,2,2,0.084,60,y = 0.0557x + 0.0454,0.692998205,2,1.385996409,0.005,0.078,0.088845924,
27-04-12,late,78,4,3_23_2020,93.4,4.4,2,3,0.085,60,y = 0.0557x + 0.0454,0.710951526,2,1.421903052,0.005,0.078,0.091147632,
27-04-12,late,78,4,3_23_2020,93.4,4.4,2,4,0.083,60,y = 0.0557x + 0.0454,0.675044883,2,1.350089767,0.005,0.078,0.086544216,
27-02-08,late,86,4,3_23_2020,93.4,4.4,2,1,0.07,60,y = 0.0557x + 0.0454,0.441651706,2,0.883303411,0.005,0.086,0.051354849,
27-02-08,late,86,4,3_23_2020,93.4,4.4,2,2,0.067,60,y = 0.0557x + 0.0454,0.387791741,2,0.775583483,0.005,0.086,0.045092063,
27-02-08,late,86,4,3_23_2020,93.4,4.4,2,3,0.071,60,y = 0.0557x + 0.0454,0.459605027,2,0.919210054,0.005,0.086,0.053442445,
27-02-08,late,86,4,3_23_2020,93.4,4.4,2,4,0.072,60,y = 0.0557x + 0.0454,0.477558348,2,0.955116697,0.005,0.086,0.05553004,
27-03-28,early,134,4,3_23_2020,93.4,3.9,2,1,0.097,60,y = 0.0557x + 0.0454,0.926391382,2,1.852782765,0.005,0.134,0.069133685,
27-03-28,early,134,4,3_23_2020,93.4,3.9,2,2,0.032,60,y = 0.0557x + 0.0454,-0.240574506,2,-0.481149013,0.005,0.134,-0.017953321,
27-03-28,early,134,4,3_23_2020,93.4,3.9,2,3,0.099,60,y = 0.0557x + 0.0454,0.962298025,2,1.92459605,0.005,0.134,0.071813285,
27-03-28,early,134,4,3_23_2020,93.4,3.9,2,4,0.096,60,y = 0.0557x + 0.0454,0.908438061,2,1.816876122,0.005,0.134,0.067793885,
27-03-25,early,112,4,3_23_2020,93.4,3.9,3,1,0.026,60,y = 0.0559x + 0.0052,0.372093023,2,0.744186047,0.005,0.112,0.033222591,"dropped 0 standard -- also, quite a lot of variability. Hmmmm"
27-03-25,early,112,4,3_23_2020,93.4,3.9,3,2,0.032,60,y = 0.0559x + 0.0052,0.479427549,2,0.958855098,0.005,0.112,0.042806031,
27-03-25,early,112,4,3_23_2020,93.4,3.9,3,3,0.031,60,y = 0.0559x + 0.0052,0.461538462,2,0.923076923,0.005,0.112,0.041208791,
27-03-25,early,112,4,3_23_2020,93.4,3.9,3,4,0.021,60,y = 0.0559x + 0.0052,0.282647585,2,0.56529517,0.005,0.112,0.025236392,
27-03-08,late,85,4,3_23_2020,93.4,4.4,3,1,0.056,60,y = 0.0559x + 0.0052,0.908765653,2,1.817531306,0.005,0.085,0.106913606,
27-03-08,late,85,4,3_23_2020,93.4,4.4,3,2,0.042,60,y = 0.0559x + 0.0052,0.658318426,2,1.316636852,0.005,0.085,0.077449227,
27-03-08,late,85,4,3_23_2020,93.4,4.4,3,3,0.04,60,y = 0.0559x + 0.0052,0.62254025,2,1.245080501,0.005,0.085,0.073240029,
27-03-08,late,85,4,3_23_2020,93.4,4.4,3,4,0.031,60,y = 0.0559x + 0.0052,0.461538462,2,0.923076923,0.005,0.085,0.054298643,
27-02-19,late,61,4,3_23_2020,93.4,4.4,3,1,0.04,60,y = 0.0559x + 0.0052,0.62254025,2,1.245080501,0.005,0.061,0.102055779,
27-02-19,late,61,4,3_23_2020,93.4,4.4,3,2,0.034,60,y = 0.0559x + 0.0052,0.515205725,2,1.030411449,0.005,0.061,0.084459955,
27-02-19,late,61,4,3_23_2020,93.4,4.4,3,3,0.037,60,y = 0.0559x + 0.0052,0.568872987,2,1.137745975,0.005,0.061,0.093257867,
27-02-19,late,61,4,3_23_2020,93.4,4.4,3,4,0.022,60,y = 0.0559x + 0.0052,0.300536673,2,0.601073345,0.005,0.061,0.049268307,
27-04-34,early,122,4,3_23_2020,93.4,6.1,3,1,0.045,60,y = 0.0559x + 0.0052,0.711985689,2,1.423971377,0.005,0.122,0.058359483,
27-04-34,early,122,4,3_23_2020,93.4,6.1,3,2,0.047,60,y = 0.0559x + 0.0052,0.747763864,2,1.495527728,0.005,0.122,0.06129212,
27-04-34,early,122,4,3_23_2020,93.4,6.1,3,3,0.05,60,y = 0.0559x + 0.0052,0.801431127,2,1.602862254,0.005,0.122,0.065691076,
27-04-34,early,122,4,3_23_2020,93.4,6.1,3,4,0.044,60,y = 0.0559x + 0.0052,0.694096601,2,1.388193202,0.005,0.122,0.056893164,
27-03-27,early,104,4,3_23_2020,93.4,3.9,3,1,0.058,60,y = 0.0559x + 0.0052,0.944543828,2,1.889087657,0.005,0.104,0.090821522,
27-03-27,early,104,4,3_23_2020,93.4,3.9,3,2,0.056,60,y = 0.0559x + 0.0052,0.908765653,2,1.817531306,0.005,0.104,0.087381313,
27-03-27,early,104,4,3_23_2020,93.4,3.9,3,3,0.032,60,y = 0.0559x + 0.0052,0.479427549,2,0.958855098,0.005,0.104,0.046098803,
27-03-27,early,104,4,3_23_2020,93.4,3.9,3,4,0.031,60,y = 0.0559x + 0.0052,0.461538462,2,0.923076923,0.005,0.104,0.044378698,
27-02-65,early,105,4,3_23_2020,93.4,6.1,3,1,0.043,60,y = 0.0559x + 0.0052,0.676207513,2,1.352415027,0.005,0.105,0.064400716,
27-02-65,early,105,4,3_23_2020,93.4,6.1,3,2,0.049,60,y = 0.0559x + 0.0052,0.783542039,2,1.567084079,0.005,0.105,0.074623051,
27-02-65,early,105,4,3_23_2020,93.4,6.1,3,3,0.049,60,y = 0.0559x + 0.0052,0.783542039,2,1.567084079,0.005,0.105,0.074623051,
27-02-65,early,105,4,3_23_2020,93.4,6.1,3,4,0.046,60,y = 0.0559x + 0.0052,0.729874776,2,1.459749553,0.005,0.105,0.069511883,
27-03-46,early,60,4,3_23_2020,93.4,6.1,3,1,0.026,60,y = 0.0559x + 0.0052,0.372093023,2,0.744186047,0.005,0.06,0.062015504,
27-03-46,early,60,4,3_23_2020,93.4,6.1,3,2,0.014,60,y = 0.0559x + 0.0052,0.157423971,2,0.314847943,0.005,0.06,0.026237329,
27-03-46,early,60,4,3_23_2020,93.4,6.1,3,3,0.006,60,y = 0.0559x + 0.0052,0.01431127,2,0.02862254,0.005,0.06,0.002385212,
27-03-46,early,60,4,3_23_2020,93.4,6.1,3,4,-0.003,60,y = 0.0559x + 0.0052,-0.146690519,2,-0.293381038,0.005,0.06,-0.02444842,
27-04-12,late,45,4,3_23_2020,93.4,4.4,3,1,0.012,60,y = 0.0559x + 0.0052,0.121645796,2,0.243291592,0.005,0.045,0.027032399,
27-04-12,late,45,4,3_23_2020,93.4,4.4,3,2,0.014,60,y = 0.0559x + 0.0052,0.157423971,2,0.314847943,0.005,0.045,0.034983105,
27-04-12,late,45,4,3_23_2020,93.4,4.4,3,3,0.033,60,y = 0.0559x + 0.0052,0.497316637,2,0.994633274,0.005,0.045,0.110514808,
27-04-12,late,45,4,3_23_2020,93.4,4.4,3,4,0.013,60,y = 0.0559x + 0.0052,0.139534884,2,0.279069767,0.005,0.045,0.031007752,
27-02-08,late,120,4,3_23_2020,93.4,4.4,3,1,0.044,60,y = 0.0559x + 0.0052,0.694096601,2,1.388193202,0.005,0.12,0.057841383,
27-02-08,late,120,4,3_23_2020,93.4,4.4,3,2,0.049,60,y = 0.0559x + 0.0052,0.783542039,2,1.567084079,0.005,0.12,0.06529517,
27-02-08,late,120,4,3_23_2020,93.4,4.4,3,3,0.044,60,y = 0.0559x + 0.0052,0.694096601,2,1.388193202,0.005,0.12,0.057841383,
27-02-08,late,120,4,3_23_2020,93.4,4.4,3,4,0.026,60,y = 0.0559x + 0.0052,0.372093023,2,0.744186047,0.005,0.12,0.031007752,
27-03-28,early,127,4,3_23_2020,93.4,3.9,3,1,0.026,60,y = 0.0559x + 0.0052,0.372093023,2,0.744186047,0.005,0.127,0.029298663,
27-03-28,early,127,4,3_23_2020,93.4,3.9,3,2,0.048,60,y = 0.0559x + 0.0052,0.765652952,2,1.531305903,0.005,0.127,0.060287634,
27-03-28,early,127,4,3_23_2020,93.4,3.9,3,3,0.044,60,y = 0.0559x + 0.0052,0.694096601,2,1.388193202,0.005,0.127,0.054653276,
27-03-28,early,127,4,3_23_2020,93.4,3.9,3,4,0.039,60,y = 0.0559x + 0.0052,0.604651163,2,1.209302326,0.005,0.127,0.047610328,